Entity,Code,Year,Combined - percentage of youth and adults aged between 15 and 64 years with no education
Afghanistan,AFG,1870,100
Afghanistan,AFG,1875,100
Afghanistan,AFG,1880,100
Afghanistan,AFG,1885,100
Afghanistan,AFG,1890,100
Afghanistan,AFG,1895,100
Afghanistan,AFG,1900,100
Afghanistan,AFG,1905,100
Afghanistan,AFG,1910,99.8
Afghanistan,AFG,1915,99.6
Afghanistan,AFG,1920,99.4
Afghanistan,AFG,1925,99.3
Afghanistan,AFG,1930,99.1
Afghanistan,AFG,1935,99
Afghanistan,AFG,1940,95.3
Afghanistan,AFG,1945,95
Afghanistan,AFG,1950,94.5
Afghanistan,AFG,1955,93.9
Afghanistan,AFG,1960,92.8
Afghanistan,AFG,1965,91.7
Afghanistan,AFG,1970,88.3
Afghanistan,AFG,1975,85.1
Afghanistan,AFG,1980,81.2
Afghanistan,AFG,1985,76.7
Afghanistan,AFG,1990,73.8
Afghanistan,AFG,1995,72
Afghanistan,AFG,2000,66.4
Afghanistan,AFG,2005,64.3
Afghanistan,AFG,2010,56.7
Afghanistan,AFG,2015,43.3
Afghanistan,AFG,2020,33.9
Africa,,1870,98.97626
Africa,,1875,98.757706
Africa,,1880,98.460686
Africa,,1885,98.10153
Africa,,1890,97.72008
Africa,,1895,97.5132
Africa,,1900,97.05429
Africa,,1905,96.26311
Africa,,1910,95.14916
Africa,,1915,93.446075
Africa,,1920,91.212555
Africa,,1925,89.79711
Africa,,1930,88.21143
Africa,,1935,86.94197
Africa,,1940,85.17336
Africa,,1945,83.56016
Africa,,1950,81.75622
Africa,,1955,79.49444
Africa,,1960,76.98121
Africa,,1965,73.19052
Africa,,1970,68.2015
Africa,,1975,62.806828
Africa,,1980,56.585896
Africa,,1985,49.791878
Africa,,1990,44.19113
Africa,,1995,39.564358
Africa,,2000,37.33429
Africa,,2005,34.13861
Africa,,2010,30.6708
Africa,,2015,25.710026
Africa,,2020,21.820343
Albania,ALB,1870,99.3
Albania,ALB,1875,99.1
Albania,ALB,1880,98.9
Albania,ALB,1885,98.5
Albania,ALB,1890,98.1
Albania,ALB,1895,97.6
Albania,ALB,1900,97
Albania,ALB,1905,96.2
Albania,ALB,1910,94.3
Albania,ALB,1915,90.7
Albania,ALB,1920,86.1
Albania,ALB,1925,80.5
Albania,ALB,1930,74.6
Albania,ALB,1935,68.5
Albania,ALB,1940,61.5
Albania,ALB,1945,52.9
Albania,ALB,1950,39.3
Albania,ALB,1955,37.2
Albania,ALB,1960,43.8
Albania,ALB,1965,40
Albania,ALB,1970,34.2
Albania,ALB,1975,26.8
Albania,ALB,1980,19.7
Albania,ALB,1985,13.6
Albania,ALB,1990,10.2
Albania,ALB,1995,13.1
Albania,ALB,2000,0.6
Albania,ALB,2005,1.3
Albania,ALB,2010,1.4
Albania,ALB,2015,1.2
Albania,ALB,2020,1
Algeria,DZA,1870,97.5
Algeria,DZA,1875,96.8
Algeria,DZA,1880,96
Algeria,DZA,1885,95.1
Algeria,DZA,1890,94.3
Algeria,DZA,1895,93.3
Algeria,DZA,1900,89.9
Algeria,DZA,1905,86.7
Algeria,DZA,1910,84.4
Algeria,DZA,1915,85.1
Algeria,DZA,1920,83.6
Algeria,DZA,1925,82.1
Algeria,DZA,1930,81.9
Algeria,DZA,1935,81.1
Algeria,DZA,1940,80.9
Algeria,DZA,1945,80.9
Algeria,DZA,1950,81.1
Algeria,DZA,1955,81.5
Algeria,DZA,1960,82.5
Algeria,DZA,1965,80.1
Algeria,DZA,1970,72
Algeria,DZA,1975,62.1
Algeria,DZA,1980,52.9
Algeria,DZA,1985,42.6
Algeria,DZA,1990,35.4
Algeria,DZA,1995,29.2
Algeria,DZA,2000,24.1
Algeria,DZA,2005,20.2
Algeria,DZA,2010,17.2
Algeria,DZA,2015,13.5
Algeria,DZA,2020,10.4
Argentina,ARG,1870,90.8
Argentina,ARG,1875,88.7
Argentina,ARG,1880,86.5
Argentina,ARG,1885,85.3
Argentina,ARG,1890,84.3
Argentina,ARG,1895,81.8
Argentina,ARG,1900,79
Argentina,ARG,1905,69.6
Argentina,ARG,1910,63
Argentina,ARG,1915,52.5
Argentina,ARG,1920,43.7
Argentina,ARG,1925,37.4
Argentina,ARG,1930,30.1
Argentina,ARG,1935,25.1
Argentina,ARG,1940,20.8
Argentina,ARG,1945,16.2
Argentina,ARG,1950,13.3
Argentina,ARG,1955,11.8
Argentina,ARG,1960,10
Argentina,ARG,1965,7.9
Argentina,ARG,1970,5.7
Argentina,ARG,1975,4.8
Argentina,ARG,1980,3.9
Argentina,ARG,1985,4.1
Argentina,ARG,1990,3.8
Argentina,ARG,1995,3.2
Argentina,ARG,2000,2.6
Argentina,ARG,2005,0.9
Argentina,ARG,2010,0.7
Argentina,ARG,2015,0.5
Argentina,ARG,2020,0.5
Armenia,ARM,2015,0.8
Armenia,ARM,2020,0.6
Asia,,1870,98.965805
Asia,,1875,98.75066
Asia,,1880,98.47571
Asia,,1885,97.95447
Asia,,1890,97.10895
Asia,,1895,96.498344
Asia,,1900,95.60323
Asia,,1905,93.942505
Asia,,1910,92.37969
Asia,,1915,90.76318
Asia,,1920,88.3505
Asia,,1925,86.11675
Asia,,1930,83.54385
Asia,,1935,81.08966
Asia,,1940,72.5536
Asia,,1945,69.93066
Asia,,1950,66.52776
Asia,,1955,62.177086
Asia,,1960,58.063576
Asia,,1965,53.10235
Asia,,1970,46.510445
Asia,,1975,42.381855
Asia,,1980,37.549206
Asia,,1985,34.348763
Asia,,1990,31.865234
Asia,,1995,27.281895
Asia,,2000,23.089214
Asia,,2005,18.869358
Asia,,2010,15.916321
Asia,,2015,13.22594
Asia,,2020,11.022755
Australia,AUS,1870,50.9
Australia,AUS,1875,46.3
Australia,AUS,1880,41.8
Australia,AUS,1885,36.2
Australia,AUS,1890,29.8
Australia,AUS,1895,24.8
Australia,AUS,1900,24.9
Australia,AUS,1905,22.3
Australia,AUS,1910,17.7
Australia,AUS,1915,14.3
Australia,AUS,1920,11.3
Australia,AUS,1925,9.3
Australia,AUS,1930,7.1
Australia,AUS,1935,5.1
Australia,AUS,1940,3.7
Australia,AUS,1945,2.3
Australia,AUS,1950,1.2
Australia,AUS,1955,1
Australia,AUS,1960,0.8
Australia,AUS,1965,0.7
Australia,AUS,1970,0.6
Australia,AUS,1975,1
Australia,AUS,1980,0.7
Australia,AUS,1985,1
Australia,AUS,1990,0.9
Australia,AUS,1995,1.1
Australia,AUS,2000,0.8
Australia,AUS,2005,0.6
Australia,AUS,2010,0.5
Australia,AUS,2015,0.7
Australia,AUS,2020,0.9
Austria,AUT,1870,63
Austria,AUT,1875,61.1
Austria,AUT,1880,58.8
Austria,AUT,1885,55.5
Austria,AUT,1890,51.6
Austria,AUT,1895,47.2
Austria,AUT,1900,42.7
Austria,AUT,1905,38.5
Austria,AUT,1910,34.2
Austria,AUT,1915,29.8
Austria,AUT,1920,25.5
Austria,AUT,1925,20.2
Austria,AUT,1930,15.7
Austria,AUT,1935,11.5
Austria,AUT,1940,7.8
Austria,AUT,1945,4.7
Austria,AUT,1950,2.4
Austria,AUT,1955,2.1
Austria,AUT,1960,1.8
Austria,AUT,1965,2.6
Austria,AUT,1970,2.5
Austria,AUT,1975,0.9
Austria,AUT,1980,0.1
Austria,AUT,1985,0.5
Austria,AUT,1990,1.1
Austria,AUT,1995,1.6
Austria,AUT,2000,1.6
Austria,AUT,2005,1.6
Austria,AUT,2010,1.6
Austria,AUT,2015,1.7
Austria,AUT,2020,1.9
Bahrain,BHR,2015,26.2
Bahrain,BHR,2020,25.4
Bangladesh,BGD,1870,99.8
Bangladesh,BGD,1875,99.7
Bangladesh,BGD,1880,99.6
Bangladesh,BGD,1885,99.5
Bangladesh,BGD,1890,99.4
Bangladesh,BGD,1895,99.2
Bangladesh,BGD,1900,98.9
Bangladesh,BGD,1905,95.4
Bangladesh,BGD,1910,92.1
Bangladesh,BGD,1915,89.7
Bangladesh,BGD,1920,89.4
Bangladesh,BGD,1925,87.5
Bangladesh,BGD,1930,85.5
Bangladesh,BGD,1935,83.7
Bangladesh,BGD,1940,81.7
Bangladesh,BGD,1945,79.8
Bangladesh,BGD,1950,78.2
Bangladesh,BGD,1955,78
Bangladesh,BGD,1960,77.1
Bangladesh,BGD,1965,77.5
Bangladesh,BGD,1970,77.8
Bangladesh,BGD,1975,76.7
Bangladesh,BGD,1980,66.1
Bangladesh,BGD,1985,58.7
Bangladesh,BGD,1990,55.3
Bangladesh,BGD,1995,50.5
Bangladesh,BGD,2000,42.6
Bangladesh,BGD,2005,37.6
Bangladesh,BGD,2010,30.4
Bangladesh,BGD,2015,25.9
Bangladesh,BGD,2020,21.9
Barbados,BRB,1870,75.5
Barbados,BRB,1875,72.4
Barbados,BRB,1880,68.8
Barbados,BRB,1885,67.4
Barbados,BRB,1890,65.6
Barbados,BRB,1895,65
Barbados,BRB,1900,62.7
Barbados,BRB,1905,52.7
Barbados,BRB,1910,52.4
Barbados,BRB,1915,45
Barbados,BRB,1920,35.8
Barbados,BRB,1925,31
Barbados,BRB,1930,27.3
Barbados,BRB,1935,21.4
Barbados,BRB,1940,14.9
Barbados,BRB,1945,8.2
Barbados,BRB,1950,2.3
Barbados,BRB,1955,1.9
Barbados,BRB,1960,1.5
Barbados,BRB,1965,1.1
Barbados,BRB,1970,0.6
Barbados,BRB,1975,0.7
Barbados,BRB,1980,1.4
Barbados,BRB,1985,0.7
Barbados,BRB,1990,0.8
Barbados,BRB,1995,0.6
Barbados,BRB,2000,0
Barbados,BRB,2005,0
Barbados,BRB,2010,0.2
Barbados,BRB,2015,0.8
Barbados,BRB,2020,0.7
Belgium,BEL,1870,44.2
Belgium,BEL,1875,47.2
Belgium,BEL,1880,45.1
Belgium,BEL,1885,43.8
Belgium,BEL,1890,45
Belgium,BEL,1895,44.1
Belgium,BEL,1900,42.5
Belgium,BEL,1905,40.1
Belgium,BEL,1910,33.8
Belgium,BEL,1915,31.5
Belgium,BEL,1920,29.5
Belgium,BEL,1925,26.3
Belgium,BEL,1930,21.8
Belgium,BEL,1935,18.1
Belgium,BEL,1940,12.3
Belgium,BEL,1945,6.1
Belgium,BEL,1950,2.7
Belgium,BEL,1955,2.2
Belgium,BEL,1960,1.8
Belgium,BEL,1965,1.2
Belgium,BEL,1970,1.2
Belgium,BEL,1975,2.5
Belgium,BEL,1980,3.6
Belgium,BEL,1985,4.2
Belgium,BEL,1990,4.2
Belgium,BEL,1995,3.8
Belgium,BEL,2000,3.2
Belgium,BEL,2005,4.2
Belgium,BEL,2010,3.9
Belgium,BEL,2015,3.5
Belgium,BEL,2020,3
Belize,BLZ,1870,90.7
Belize,BLZ,1875,88.3
Belize,BLZ,1880,85.6
Belize,BLZ,1885,82.3
Belize,BLZ,1890,78.4
Belize,BLZ,1895,74.1
Belize,BLZ,1900,69.5
Belize,BLZ,1905,58.7
Belize,BLZ,1910,49
Belize,BLZ,1915,40.8
Belize,BLZ,1920,39.9
Belize,BLZ,1925,34.7
Belize,BLZ,1930,30.7
Belize,BLZ,1935,25.6
Belize,BLZ,1940,20.1
Belize,BLZ,1945,15.2
Belize,BLZ,1950,12.7
Belize,BLZ,1955,11.4
Belize,BLZ,1960,9.8
Belize,BLZ,1965,9.2
Belize,BLZ,1970,8
Belize,BLZ,1975,7.6
Belize,BLZ,1980,6.5
Belize,BLZ,1985,8.6
Belize,BLZ,1990,8.6
Belize,BLZ,1995,5
Belize,BLZ,2000,2.6
Belize,BLZ,2005,1.1
Belize,BLZ,2010,0.1
Belize,BLZ,2015,0.1
Belize,BLZ,2020,0.1
Benin,BEN,1870,100
Benin,BEN,1875,99.9
Benin,BEN,1880,99.9
Benin,BEN,1885,99.9
Benin,BEN,1890,99.9
Benin,BEN,1895,99.8
Benin,BEN,1900,99.8
Benin,BEN,1905,99.7
Benin,BEN,1910,99.6
Benin,BEN,1915,99.5
Benin,BEN,1920,99.4
Benin,BEN,1925,97.9
Benin,BEN,1930,96.5
Benin,BEN,1935,95.3
Benin,BEN,1940,92.8
Benin,BEN,1945,91.7
Benin,BEN,1950,91.2
Benin,BEN,1955,89.6
Benin,BEN,1960,88.1
Benin,BEN,1965,86.7
Benin,BEN,1970,85.6
Benin,BEN,1975,84.6
Benin,BEN,1980,81.9
Benin,BEN,1985,76.8
Benin,BEN,1990,71.8
Benin,BEN,1995,66.4
Benin,BEN,2000,61.2
Benin,BEN,2005,57.6
Benin,BEN,2010,52.3
Benin,BEN,2015,44.9
Benin,BEN,2020,37.4
Bolivia,BOL,1870,98.6
Bolivia,BOL,1875,98.2
Bolivia,BOL,1880,97.8
Bolivia,BOL,1885,97.3
Bolivia,BOL,1890,96.6
Bolivia,BOL,1895,95.8
Bolivia,BOL,1900,94.8
Bolivia,BOL,1905,93.7
Bolivia,BOL,1910,91.9
Bolivia,BOL,1915,89.5
Bolivia,BOL,1920,86.4
Bolivia,BOL,1925,84.2
Bolivia,BOL,1930,82.3
Bolivia,BOL,1935,76.3
Bolivia,BOL,1940,73.6
Bolivia,BOL,1945,70.9
Bolivia,BOL,1950,66
Bolivia,BOL,1955,60.4
Bolivia,BOL,1960,55
Bolivia,BOL,1965,47.5
Bolivia,BOL,1970,41.8
Bolivia,BOL,1975,35.1
Bolivia,BOL,1980,28.2
Bolivia,BOL,1985,21.8
Bolivia,BOL,1990,16.3
Bolivia,BOL,1995,12.3
Bolivia,BOL,2000,8.9
Bolivia,BOL,2005,8.6
Bolivia,BOL,2010,7.3
Bolivia,BOL,2015,5.5
Bolivia,BOL,2020,4.9
Botswana,BWA,2015,4.7
Botswana,BWA,2020,2.8
Brazil,BRA,1870,96.5
Brazil,BRA,1875,95.6
Brazil,BRA,1880,94.5
Brazil,BRA,1885,93.5
Brazil,BRA,1890,92.6
Brazil,BRA,1895,91.9
Brazil,BRA,1900,87.3
Brazil,BRA,1905,84.5
Brazil,BRA,1910,83.8
Brazil,BRA,1915,81.4
Brazil,BRA,1920,78.9
Brazil,BRA,1925,76.9
Brazil,BRA,1930,73.7
Brazil,BRA,1935,70.4
Brazil,BRA,1940,67.9
Brazil,BRA,1945,65.8
Brazil,BRA,1950,62.1
Brazil,BRA,1955,56.8
Brazil,BRA,1960,51.1
Brazil,BRA,1965,44.3
Brazil,BRA,1970,36.3
Brazil,BRA,1975,26.6
Brazil,BRA,1980,25.2
Brazil,BRA,1985,23.3
Brazil,BRA,1990,20.2
Brazil,BRA,1995,17.1
Brazil,BRA,2000,13.5
Brazil,BRA,2005,9.5
Brazil,BRA,2010,6.9
Brazil,BRA,2015,5.4
Brazil,BRA,2020,4.2
Brunei,BRN,2015,20.3
Brunei,BRN,2020,20.6
Bulgaria,BGR,1870,73.5
Bulgaria,BGR,1875,72
Bulgaria,BGR,1880,70.5
Bulgaria,BGR,1885,69.1
Bulgaria,BGR,1890,67.6
Bulgaria,BGR,1895,64.1
Bulgaria,BGR,1900,58
Bulgaria,BGR,1905,54.6
Bulgaria,BGR,1910,48.1
Bulgaria,BGR,1915,40.7
Bulgaria,BGR,1920,33.6
Bulgaria,BGR,1925,30.9
Bulgaria,BGR,1930,28
Bulgaria,BGR,1935,26.5
Bulgaria,BGR,1940,22.7
Bulgaria,BGR,1945,19.8
Bulgaria,BGR,1950,14.3
Bulgaria,BGR,1955,10.6
Bulgaria,BGR,1960,8.3
Bulgaria,BGR,1965,6.6
Bulgaria,BGR,1970,4.7
Bulgaria,BGR,1975,3.2
Bulgaria,BGR,1980,2.9
Bulgaria,BGR,1985,2.8
Bulgaria,BGR,1990,2.5
Bulgaria,BGR,1995,1.8
Bulgaria,BGR,2000,1.2
Bulgaria,BGR,2005,1.6
Bulgaria,BGR,2010,2
Bulgaria,BGR,2015,1.9
Bulgaria,BGR,2020,1.8
Burundi,BDI,2015,42.3
Burundi,BDI,2020,33.7
Cambodia,KHM,1870,100
Cambodia,KHM,1875,100
Cambodia,KHM,1880,100
Cambodia,KHM,1885,100
Cambodia,KHM,1890,100
Cambodia,KHM,1895,100
Cambodia,KHM,1900,100
Cambodia,KHM,1905,100
Cambodia,KHM,1910,99.9
Cambodia,KHM,1915,99.8
Cambodia,KHM,1920,99.7
Cambodia,KHM,1925,99.6
Cambodia,KHM,1930,99.4
Cambodia,KHM,1935,99.1
Cambodia,KHM,1940,98.5
Cambodia,KHM,1945,93.6
Cambodia,KHM,1950,89.4
Cambodia,KHM,1955,84.6
Cambodia,KHM,1960,74.9
Cambodia,KHM,1965,69.3
Cambodia,KHM,1970,62.5
Cambodia,KHM,1975,55.2
Cambodia,KHM,1980,47.8
Cambodia,KHM,1985,43.1
Cambodia,KHM,1990,39
Cambodia,KHM,1995,34.8
Cambodia,KHM,2000,30.7
Cambodia,KHM,2005,25.3
Cambodia,KHM,2010,19.5
Cambodia,KHM,2015,15.4
Cambodia,KHM,2020,12.7
Cameroon,CMR,1870,99.9
Cameroon,CMR,1875,99.8
Cameroon,CMR,1880,99.8
Cameroon,CMR,1885,99.7
Cameroon,CMR,1890,99.6
Cameroon,CMR,1895,99.2
Cameroon,CMR,1900,98.8
Cameroon,CMR,1905,98.5
Cameroon,CMR,1910,98.3
Cameroon,CMR,1915,98.1
Cameroon,CMR,1920,97.2
Cameroon,CMR,1925,96.2
Cameroon,CMR,1930,95.2
Cameroon,CMR,1935,93.7
Cameroon,CMR,1940,91.9
Cameroon,CMR,1945,89.9
Cameroon,CMR,1950,86
Cameroon,CMR,1955,82.3
Cameroon,CMR,1960,78.6
Cameroon,CMR,1965,72.7
Cameroon,CMR,1970,65.9
Cameroon,CMR,1975,56.5
Cameroon,CMR,1980,48
Cameroon,CMR,1985,39.5
Cameroon,CMR,1990,31.5
Cameroon,CMR,1995,24.4
Cameroon,CMR,2000,20.2
Cameroon,CMR,2005,18.9
Cameroon,CMR,2010,17.7
Cameroon,CMR,2015,13.5
Cameroon,CMR,2020,12.3
Canada,CAN,1870,29.7
Canada,CAN,1875,27.4
Canada,CAN,1880,24.9
Canada,CAN,1885,22.7
Canada,CAN,1890,20.9
Canada,CAN,1895,18.7
Canada,CAN,1900,15.8
Canada,CAN,1905,14.1
Canada,CAN,1910,13.4
Canada,CAN,1915,11.5
Canada,CAN,1920,9.1
Canada,CAN,1925,6.9
Canada,CAN,1930,5.3
Canada,CAN,1935,3.7
Canada,CAN,1940,2.9
Canada,CAN,1945,2.1
Canada,CAN,1950,1.6
Canada,CAN,1955,1.3
Canada,CAN,1960,1
Canada,CAN,1965,1
Canada,CAN,1970,0.6
Canada,CAN,1975,0.9
Canada,CAN,1980,1
Canada,CAN,1985,0.6
Canada,CAN,1990,0.5
Canada,CAN,1995,0.6
Canada,CAN,2000,0.5
Canada,CAN,2005,0.5
Canada,CAN,2010,0.5
Canada,CAN,2015,0.5
Canada,CAN,2020,0.4
Central African Republic,CAF,2015,47.7
Central African Republic,CAF,2020,42.2
Chile,CHL,1870,90.4
Chile,CHL,1875,88.6
Chile,CHL,1880,87.2
Chile,CHL,1885,86
Chile,CHL,1890,85.1
Chile,CHL,1895,84.1
Chile,CHL,1900,69.6
Chile,CHL,1905,65.1
Chile,CHL,1910,58.5
Chile,CHL,1915,50.1
Chile,CHL,1920,41.5
Chile,CHL,1925,34.7
Chile,CHL,1930,31
Chile,CHL,1935,25.6
Chile,CHL,1940,22.6
Chile,CHL,1945,21.2
Chile,CHL,1950,19.6
Chile,CHL,1955,18.7
Chile,CHL,1960,17.2
Chile,CHL,1965,12.9
Chile,CHL,1970,8.8
Chile,CHL,1975,6.9
Chile,CHL,1980,5.9
Chile,CHL,1985,4.5
Chile,CHL,1990,3.7
Chile,CHL,1995,3.8
Chile,CHL,2000,3.4
Chile,CHL,2005,2.6
Chile,CHL,2010,1.4
Chile,CHL,2015,1.1
Chile,CHL,2020,1
China,CHN,1870,100
China,CHN,1875,100
China,CHN,1880,100
China,CHN,1885,99.9
China,CHN,1890,99.9
China,CHN,1895,99.8
China,CHN,1900,99.7
China,CHN,1905,99.5
China,CHN,1910,99.2
China,CHN,1915,98.8
China,CHN,1920,98.1
China,CHN,1925,96.5
China,CHN,1930,94.5
China,CHN,1935,92.3
China,CHN,1940,75.2
China,CHN,1945,72.6
China,CHN,1950,68.6
China,CHN,1955,61.4
China,CHN,1960,53.4
China,CHN,1965,45.1
China,CHN,1970,35.6
China,CHN,1975,28.6
China,CHN,1980,19.7
China,CHN,1985,18
China,CHN,1990,17.8
China,CHN,1995,11.7
China,CHN,2000,6.5
China,CHN,2005,4.2
China,CHN,2010,2.6
China,CHN,2015,2
China,CHN,2020,1.3
Colombia,COL,1870,90.1
Colombia,COL,1875,88.6
Colombia,COL,1880,87
Colombia,COL,1885,85.4
Colombia,COL,1890,84.6
Colombia,COL,1895,84.4
Colombia,COL,1900,77
Colombia,COL,1905,73.9
Colombia,COL,1910,65
Colombia,COL,1915,61.4
Colombia,COL,1920,57.8
Colombia,COL,1925,51.9
Colombia,COL,1930,48.2
Colombia,COL,1935,45.6
Colombia,COL,1940,44.2
Colombia,COL,1945,41.3
Colombia,COL,1950,38.9
Colombia,COL,1955,35.3
Colombia,COL,1960,30.8
Colombia,COL,1965,26.7
Colombia,COL,1970,22.3
Colombia,COL,1975,19.3
Colombia,COL,1980,15.8
Colombia,COL,1985,12.2
Colombia,COL,1990,10.4
Colombia,COL,1995,10.2
Colombia,COL,2000,8.1
Colombia,COL,2005,4.8
Colombia,COL,2010,4.4
Colombia,COL,2015,3.5
Colombia,COL,2020,2.6
Congo,COG,2015,21.7
Congo,COG,2020,18.8
Costa Rica,CRI,1870,91.4
Costa Rica,CRI,1875,89.4
Costa Rica,CRI,1880,87.1
Costa Rica,CRI,1885,84.4
Costa Rica,CRI,1890,81
Costa Rica,CRI,1895,77.1
Costa Rica,CRI,1900,62.4
Costa Rica,CRI,1905,55.8
Costa Rica,CRI,1910,49.4
Costa Rica,CRI,1915,44.8
Costa Rica,CRI,1920,39.2
Costa Rica,CRI,1925,33.5
Costa Rica,CRI,1930,30.8
Costa Rica,CRI,1935,27.9
Costa Rica,CRI,1940,24.8
Costa Rica,CRI,1945,21.5
Costa Rica,CRI,1950,19.2
Costa Rica,CRI,1955,18
Costa Rica,CRI,1960,17.7
Costa Rica,CRI,1965,16.6
Costa Rica,CRI,1970,16.2
Costa Rica,CRI,1975,10.8
Costa Rica,CRI,1980,8.1
Costa Rica,CRI,1985,6
Costa Rica,CRI,1990,5.4
Costa Rica,CRI,1995,5.1
Costa Rica,CRI,2000,4.2
Costa Rica,CRI,2005,2.5
Costa Rica,CRI,2010,2.7
Costa Rica,CRI,2015,2.3
Costa Rica,CRI,2020,1.8
Cote d'Ivoire,CIV,1870,99.9
Cote d'Ivoire,CIV,1875,99.9
Cote d'Ivoire,CIV,1880,99.9
Cote d'Ivoire,CIV,1885,99.8
Cote d'Ivoire,CIV,1890,99.8
Cote d'Ivoire,CIV,1895,99.7
Cote d'Ivoire,CIV,1900,99.6
Cote d'Ivoire,CIV,1905,99.5
Cote d'Ivoire,CIV,1910,98.1
Cote d'Ivoire,CIV,1915,96.6
Cote d'Ivoire,CIV,1920,95.3
Cote d'Ivoire,CIV,1925,93.9
Cote d'Ivoire,CIV,1930,92.5
Cote d'Ivoire,CIV,1935,92.8
Cote d'Ivoire,CIV,1940,92.7
Cote d'Ivoire,CIV,1945,92.4
Cote d'Ivoire,CIV,1950,85.6
Cote d'Ivoire,CIV,1955,85.1
Cote d'Ivoire,CIV,1960,84.5
Cote d'Ivoire,CIV,1965,83.6
Cote d'Ivoire,CIV,1970,81.3
Cote d'Ivoire,CIV,1975,78.1
Cote d'Ivoire,CIV,1980,73.9
Cote d'Ivoire,CIV,1985,70.1
Cote d'Ivoire,CIV,1990,66
Cote d'Ivoire,CIV,1995,56
Cote d'Ivoire,CIV,2000,47.1
Cote d'Ivoire,CIV,2005,41.8
Cote d'Ivoire,CIV,2010,36.9
Cote d'Ivoire,CIV,2015,33.7
Cote d'Ivoire,CIV,2020,29.3
Croatia,HRV,2015,0.4
Croatia,HRV,2020,0.7
Cuba,CUB,1870,96.8
Cuba,CUB,1875,96
Cuba,CUB,1880,95
Cuba,CUB,1885,93.7
Cuba,CUB,1890,91.9
Cuba,CUB,1895,89.1
Cuba,CUB,1900,80
Cuba,CUB,1905,68
Cuba,CUB,1910,62.4
Cuba,CUB,1915,52.9
Cuba,CUB,1920,47.9
Cuba,CUB,1925,41.3
Cuba,CUB,1930,34.3
Cuba,CUB,1935,30.4
Cuba,CUB,1940,27.7
Cuba,CUB,1945,25.8
Cuba,CUB,1950,23.8
Cuba,CUB,1955,22.7
Cuba,CUB,1960,20.8
Cuba,CUB,1965,17.9
Cuba,CUB,1970,12.3
Cuba,CUB,1975,7
Cuba,CUB,1980,3.6
Cuba,CUB,1985,5.3
Cuba,CUB,1990,6.5
Cuba,CUB,1995,7.1
Cuba,CUB,2000,6.7
Cuba,CUB,2005,5
Cuba,CUB,2010,3.5
Cuba,CUB,2015,2.8
Cuba,CUB,2020,2
Cyprus,CYP,1870,92.2
Cyprus,CYP,1875,90.6
Cyprus,CYP,1880,88.8
Cyprus,CYP,1885,86.7
Cyprus,CYP,1890,84.1
Cyprus,CYP,1895,79.8
Cyprus,CYP,1900,76.8
Cyprus,CYP,1905,74.2
Cyprus,CYP,1910,68.8
Cyprus,CYP,1915,61.7
Cyprus,CYP,1920,55
Cyprus,CYP,1925,50.2
Cyprus,CYP,1930,46
Cyprus,CYP,1935,43
Cyprus,CYP,1940,40.8
Cyprus,CYP,1945,36.8
Cyprus,CYP,1950,32.7
Cyprus,CYP,1955,26.3
Cyprus,CYP,1960,18.4
Cyprus,CYP,1965,13.5
Cyprus,CYP,1970,11.5
Cyprus,CYP,1975,10
Cyprus,CYP,1980,8.5
Cyprus,CYP,1985,4.1
Cyprus,CYP,1990,1.4
Cyprus,CYP,1995,3.9
Cyprus,CYP,2000,3
Cyprus,CYP,2005,9.2
Cyprus,CYP,2010,0.2
Cyprus,CYP,2015,0.2
Cyprus,CYP,2020,0.2
Czechia,CZE,1870,36.7
Czechia,CZE,1875,34.7
Czechia,CZE,1880,32.7
Czechia,CZE,1885,30.8
Czechia,CZE,1890,29
Czechia,CZE,1895,27.2
Czechia,CZE,1900,25.5
Czechia,CZE,1905,21
Czechia,CZE,1910,17.4
Czechia,CZE,1915,14.5
Czechia,CZE,1920,12.3
Czechia,CZE,1925,9.4
Czechia,CZE,1930,7.7
Czechia,CZE,1935,5.8
Czechia,CZE,1940,2.8
Czechia,CZE,1945,1.1
Czechia,CZE,1950,0.7
Czechia,CZE,1955,0.6
Czechia,CZE,1960,0.5
Czechia,CZE,1965,0.9
Czechia,CZE,1970,0.4
Czechia,CZE,1975,0.3
Czechia,CZE,1980,0.3
Czechia,CZE,1985,1.1
Czechia,CZE,1990,0.7
Czechia,CZE,1995,0.5
Czechia,CZE,2000,0.4
Czechia,CZE,2005,0.1
Czechia,CZE,2010,0.2
Czechia,CZE,2015,0.2
Czechia,CZE,2020,0.2
Democratic Republic of Congo,COD,1870,100
Democratic Republic of Congo,COD,1875,100
Democratic Republic of Congo,COD,1880,100
Democratic Republic of Congo,COD,1885,100
Democratic Republic of Congo,COD,1890,100
Democratic Republic of Congo,COD,1895,100
Democratic Republic of Congo,COD,1900,99.7
Democratic Republic of Congo,COD,1905,99.4
Democratic Republic of Congo,COD,1910,99.2
Democratic Republic of Congo,COD,1915,94
Democratic Republic of Congo,COD,1920,93.7
Democratic Republic of Congo,COD,1925,93.3
Democratic Republic of Congo,COD,1930,92.3
Democratic Republic of Congo,COD,1935,91.2
Democratic Republic of Congo,COD,1940,89.3
Democratic Republic of Congo,COD,1945,87.8
Democratic Republic of Congo,COD,1950,84.8
Democratic Republic of Congo,COD,1955,81.4
Democratic Republic of Congo,COD,1960,77.6
Democratic Republic of Congo,COD,1965,73.5
Democratic Republic of Congo,COD,1970,68.9
Democratic Republic of Congo,COD,1975,63.2
Democratic Republic of Congo,COD,1980,56.7
Democratic Republic of Congo,COD,1985,51
Democratic Republic of Congo,COD,1990,46
Democratic Republic of Congo,COD,1995,43
Democratic Republic of Congo,COD,2000,43.9
Democratic Republic of Congo,COD,2005,43.1
Democratic Republic of Congo,COD,2010,42.9
Democratic Republic of Congo,COD,2015,36.6
Democratic Republic of Congo,COD,2020,30.7
Denmark,DNK,1870,13.9
Denmark,DNK,1875,12.9
Denmark,DNK,1880,12
Denmark,DNK,1885,10.9
Denmark,DNK,1890,9.7
Denmark,DNK,1895,8.7
Denmark,DNK,1900,7.8
Denmark,DNK,1905,7
Denmark,DNK,1910,6
Denmark,DNK,1915,5.1
Denmark,DNK,1920,4.3
Denmark,DNK,1925,3.6
Denmark,DNK,1930,2.9
Denmark,DNK,1935,2.4
Denmark,DNK,1940,2
Denmark,DNK,1945,2.6
Denmark,DNK,1950,2.4
Denmark,DNK,1955,2.9
Denmark,DNK,1960,2.8
Denmark,DNK,1965,2.5
Denmark,DNK,1970,1.4
Denmark,DNK,1975,1.8
Denmark,DNK,1980,2.3
Denmark,DNK,1985,2.5
Denmark,DNK,1990,0.1
Denmark,DNK,1995,0.1
Denmark,DNK,2000,1.3
Denmark,DNK,2005,2.4
Denmark,DNK,2010,2.9
Denmark,DNK,2015,3.2
Denmark,DNK,2020,3.3
Dominican Republic,DOM,1870,98.3
Dominican Republic,DOM,1875,97.4
Dominican Republic,DOM,1880,96.4
Dominican Republic,DOM,1885,95.3
Dominican Republic,DOM,1890,94.3
Dominican Republic,DOM,1895,93.4
Dominican Republic,DOM,1900,92.5
Dominican Republic,DOM,1905,83
Dominican Republic,DOM,1910,74.5
Dominican Republic,DOM,1915,69.1
Dominican Republic,DOM,1920,62.9
Dominican Republic,DOM,1925,55.7
Dominican Republic,DOM,1930,46.9
Dominican Republic,DOM,1935,44.7
Dominican Republic,DOM,1940,45.4
Dominican Republic,DOM,1945,43.8
Dominican Republic,DOM,1950,41
Dominican Republic,DOM,1955,39.7
Dominican Republic,DOM,1960,34.6
Dominican Republic,DOM,1965,32.6
Dominican Republic,DOM,1970,31
Dominican Republic,DOM,1975,27.5
Dominican Republic,DOM,1980,23.4
Dominican Republic,DOM,1985,20
Dominican Republic,DOM,1990,16.5
Dominican Republic,DOM,1995,13
Dominican Republic,DOM,2000,10.3
Dominican Republic,DOM,2005,8.2
Dominican Republic,DOM,2010,6.5
Dominican Republic,DOM,2015,5.5
Dominican Republic,DOM,2020,4.3
Ecuador,ECU,1870,95
Ecuador,ECU,1875,93.7
Ecuador,ECU,1880,92.2
Ecuador,ECU,1885,90.4
Ecuador,ECU,1890,88.1
Ecuador,ECU,1895,85.5
Ecuador,ECU,1900,78
Ecuador,ECU,1905,75.2
Ecuador,ECU,1910,72.2
Ecuador,ECU,1915,68.7
Ecuador,ECU,1920,65.3
Ecuador,ECU,1925,63.7
Ecuador,ECU,1930,60
Ecuador,ECU,1935,55.4
Ecuador,ECU,1940,52.5
Ecuador,ECU,1945,48.8
Ecuador,ECU,1950,45.4
Ecuador,ECU,1955,38.9
Ecuador,ECU,1960,32.3
Ecuador,ECU,1965,29.2
Ecuador,ECU,1970,26.6
Ecuador,ECU,1975,23.8
Ecuador,ECU,1980,17.6
Ecuador,ECU,1985,16.8
Ecuador,ECU,1990,15
Ecuador,ECU,1995,16
Ecuador,ECU,2000,16.9
Ecuador,ECU,2005,11.1
Ecuador,ECU,2010,5.7
Ecuador,ECU,2015,4.2
Ecuador,ECU,2020,2.9
Egypt,EGY,1870,99.6
Egypt,EGY,1875,99.5
Egypt,EGY,1880,99.4
Egypt,EGY,1885,99.1
Egypt,EGY,1890,98.8
Egypt,EGY,1895,98.5
Egypt,EGY,1900,98
Egypt,EGY,1905,97.3
Egypt,EGY,1910,96.4
Egypt,EGY,1915,95.3
Egypt,EGY,1920,94.3
Egypt,EGY,1925,93.5
Egypt,EGY,1930,93.6
Egypt,EGY,1935,95.8
Egypt,EGY,1940,95.3
Egypt,EGY,1945,93.7
Egypt,EGY,1950,92.9
Egypt,EGY,1955,90.7
Egypt,EGY,1960,88.6
Egypt,EGY,1965,85.1
Egypt,EGY,1970,81.1
Egypt,EGY,1975,76.7
Egypt,EGY,1980,66.3
Egypt,EGY,1985,54.2
Egypt,EGY,1990,48.8
Egypt,EGY,1995,43
Egypt,EGY,2000,36.4
Egypt,EGY,2005,32
Egypt,EGY,2010,28.2
Egypt,EGY,2015,24
Egypt,EGY,2020,20.8
El Salvador,SLV,1870,94.4
El Salvador,SLV,1875,93.1
El Salvador,SLV,1880,91.6
El Salvador,SLV,1885,89.8
El Salvador,SLV,1890,87.7
El Salvador,SLV,1895,85.5
El Salvador,SLV,1900,80.6
El Salvador,SLV,1905,78.5
El Salvador,SLV,1910,74.2
El Salvador,SLV,1915,73.1
El Salvador,SLV,1920,71.5
El Salvador,SLV,1925,69.9
El Salvador,SLV,1930,68.8
El Salvador,SLV,1935,69
El Salvador,SLV,1940,69.2
El Salvador,SLV,1945,66.6
El Salvador,SLV,1950,63.8
El Salvador,SLV,1955,60.9
El Salvador,SLV,1960,55.9
El Salvador,SLV,1965,50.5
El Salvador,SLV,1970,43.9
El Salvador,SLV,1975,38.3
El Salvador,SLV,1980,33.4
El Salvador,SLV,1985,30.9
El Salvador,SLV,1990,27.5
El Salvador,SLV,1995,22.9
El Salvador,SLV,2000,17.7
El Salvador,SLV,2005,12
El Salvador,SLV,2010,3.2
El Salvador,SLV,2015,2.3
El Salvador,SLV,2020,1.8
Estonia,EST,2015,0.3
Estonia,EST,2020,0.5
Eswatini,SWZ,1870,100
Eswatini,SWZ,1875,100
Eswatini,SWZ,1880,100
Eswatini,SWZ,1885,100
Eswatini,SWZ,1890,100
Eswatini,SWZ,1895,100
Eswatini,SWZ,1900,100
Eswatini,SWZ,1905,100
Eswatini,SWZ,1910,99.1
Eswatini,SWZ,1915,98.3
Eswatini,SWZ,1920,97.5
Eswatini,SWZ,1925,94
Eswatini,SWZ,1930,91.6
Eswatini,SWZ,1935,89.2
Eswatini,SWZ,1940,86.3
Eswatini,SWZ,1945,83.1
Eswatini,SWZ,1950,77.2
Eswatini,SWZ,1955,72.6
Eswatini,SWZ,1960,67.9
Eswatini,SWZ,1965,61.4
Eswatini,SWZ,1970,50.5
Eswatini,SWZ,1975,39.8
Eswatini,SWZ,1980,35.1
Eswatini,SWZ,1985,30.3
Eswatini,SWZ,1990,30.4
Eswatini,SWZ,1995,33
Eswatini,SWZ,2000,37.3
Eswatini,SWZ,2005,35.8
Eswatini,SWZ,2010,29.6
Eswatini,SWZ,2015,26.2
Eswatini,SWZ,2020,20.1
Europe,,1870,74.63189
Europe,,1875,72.527954
Europe,,1880,68.69742
Europe,,1885,65.0675
Europe,,1890,61.101707
Europe,,1895,57.334183
Europe,,1900,53.260143
Europe,,1905,48.59718
Europe,,1910,44.854538
Europe,,1915,39.81225
Europe,,1920,35.219254
Europe,,1925,31.411318
Europe,,1930,28.01431
Europe,,1935,23.245495
Europe,,1940,18.240318
Europe,,1945,14.40388
Europe,,1950,11.741777
Europe,,1955,9.625881
Europe,,1960,8.231058
Europe,,1965,7.201341
Europe,,1970,6.197705
Europe,,1975,5.7351856
Europe,,1980,4.96096
Europe,,1985,4.913086
Europe,,1990,4.3780713
Europe,,1995,3.466342
Europe,,2000,2.460206
Europe,,2005,1.5592946
Europe,,2010,1.0366551
Europe,,2015,1.023642
Europe,,2020,0.99143285
Fiji,FJI,1870,100
Fiji,FJI,1875,100
Fiji,FJI,1880,99.9
Fiji,FJI,1885,99.8
Fiji,FJI,1890,99.7
Fiji,FJI,1895,99.4
Fiji,FJI,1900,99
Fiji,FJI,1905,98.4
Fiji,FJI,1910,94.4
Fiji,FJI,1915,89.8
Fiji,FJI,1920,81.2
Fiji,FJI,1925,68.6
Fiji,FJI,1930,60.9
Fiji,FJI,1935,53.4
Fiji,FJI,1940,46.6
Fiji,FJI,1945,41.2
Fiji,FJI,1950,30.2
Fiji,FJI,1955,25.2
Fiji,FJI,1960,21.5
Fiji,FJI,1965,16.6
Fiji,FJI,1970,15.9
Fiji,FJI,1975,12.2
Fiji,FJI,1980,9.1
Fiji,FJI,1985,6.2
Fiji,FJI,1990,5.4
Fiji,FJI,1995,4.6
Fiji,FJI,2000,3.3
Fiji,FJI,2005,2.1
Fiji,FJI,2010,1.8
Fiji,FJI,2015,1.4
Fiji,FJI,2020,1.1
Finland,FIN,1870,96.3
Finland,FIN,1875,95.5
Finland,FIN,1880,94.6
Finland,FIN,1885,93.3
Finland,FIN,1890,91.3
Finland,FIN,1895,88.9
Finland,FIN,1900,63.7
Finland,FIN,1905,51.8
Finland,FIN,1910,48.8
Finland,FIN,1915,38.9
Finland,FIN,1920,28.5
Finland,FIN,1925,18
Finland,FIN,1930,9.8
Finland,FIN,1935,3.7
Finland,FIN,1940,2.8
Finland,FIN,1945,2.1
Finland,FIN,1950,1.5
Finland,FIN,1955,0.9
Finland,FIN,1960,0.5
Finland,FIN,1965,0.7
Finland,FIN,1970,1.1
Finland,FIN,1975,1.2
Finland,FIN,1980,1
Finland,FIN,1985,0.8
Finland,FIN,1990,0.1
Finland,FIN,1995,0.3
Finland,FIN,2000,0.3
Finland,FIN,2005,0.3
Finland,FIN,2010,0.3
Finland,FIN,2015,0.4
Finland,FIN,2020,0.4
France,FRA,1870,78.4
France,FRA,1875,75
France,FRA,1880,62.7
France,FRA,1885,53.3
France,FRA,1890,43.8
France,FRA,1895,35.3
France,FRA,1900,27.9
France,FRA,1905,20.7
France,FRA,1910,14.1
France,FRA,1915,8.5
France,FRA,1920,3.3
France,FRA,1925,0.7
France,FRA,1930,0.3
France,FRA,1935,0.4
France,FRA,1940,0.4
France,FRA,1945,0.4
France,FRA,1950,0.3
France,FRA,1955,0.3
France,FRA,1960,0.3
France,FRA,1965,1.1
France,FRA,1970,1.1
France,FRA,1975,1
France,FRA,1980,0.8
France,FRA,1985,5
France,FRA,1990,5.9
France,FRA,1995,3.3
France,FRA,2000,1.8
France,FRA,2005,1.2
France,FRA,2010,1.2
France,FRA,2015,1.2
France,FRA,2020,1.1
Gabon,GAB,2015,8.4
Gabon,GAB,2020,6.5
Gambia,GMB,1870,98.6
Gambia,GMB,1875,98.2
Gambia,GMB,1880,97.8
Gambia,GMB,1885,97.2
Gambia,GMB,1890,96.4
Gambia,GMB,1895,95.5
Gambia,GMB,1900,94.4
Gambia,GMB,1905,93
Gambia,GMB,1910,93.3
Gambia,GMB,1915,94.1
Gambia,GMB,1920,94.7
Gambia,GMB,1925,95.1
Gambia,GMB,1930,95.4
Gambia,GMB,1935,95.2
Gambia,GMB,1940,95.6
Gambia,GMB,1945,95.8
Gambia,GMB,1950,95.6
Gambia,GMB,1955,95.3
Gambia,GMB,1960,94.9
Gambia,GMB,1965,94.3
Gambia,GMB,1970,93.8
Gambia,GMB,1975,91.4
Gambia,GMB,1980,88.9
Gambia,GMB,1985,85.7
Gambia,GMB,1990,79.1
Gambia,GMB,1995,75.3
Gambia,GMB,2000,72.2
Gambia,GMB,2005,65.5
Gambia,GMB,2010,59.9
Gambia,GMB,2015,52
Gambia,GMB,2020,47.1
Germany,DEU,1870,65.5
Germany,DEU,1875,62.6
Germany,DEU,1880,59.6
Germany,DEU,1885,56.6
Germany,DEU,1890,53.6
Germany,DEU,1895,50.7
Germany,DEU,1900,48.4
Germany,DEU,1905,46.8
Germany,DEU,1910,45.4
Germany,DEU,1915,36
Germany,DEU,1920,27.3
Germany,DEU,1925,21.5
Germany,DEU,1930,19.3
Germany,DEU,1935,15.6
Germany,DEU,1940,12.8
Germany,DEU,1945,9.7
Germany,DEU,1950,5.7
Germany,DEU,1955,3
Germany,DEU,1960,2.9
Germany,DEU,1965,2.9
Germany,DEU,1970,5.6
Germany,DEU,1975,6.2
Germany,DEU,1980,6.5
Germany,DEU,1985,5.6
Germany,DEU,1990,5.2
Germany,DEU,1995,5
Germany,DEU,2000,4
Germany,DEU,2005,3.5
Germany,DEU,2010,1.7
Germany,DEU,2015,1.8
Germany,DEU,2020,1.6
Ghana,GHA,1870,99.8
Ghana,GHA,1875,99.7
Ghana,GHA,1880,99.6
Ghana,GHA,1885,99.5
Ghana,GHA,1890,99.3
Ghana,GHA,1895,99.1
Ghana,GHA,1900,98.8
Ghana,GHA,1905,97.5
Ghana,GHA,1910,96.2
Ghana,GHA,1915,95.3
Ghana,GHA,1920,93.6
Ghana,GHA,1925,92.6
Ghana,GHA,1930,91.6
Ghana,GHA,1935,89.9
Ghana,GHA,1940,88.9
Ghana,GHA,1945,88.2
Ghana,GHA,1950,86.3
Ghana,GHA,1955,84.3
Ghana,GHA,1960,77.9
Ghana,GHA,1965,70.7
Ghana,GHA,1970,62.5
Ghana,GHA,1975,54.6
Ghana,GHA,1980,48.9
Ghana,GHA,1985,43
Ghana,GHA,1990,38.8
Ghana,GHA,1995,36.1
Ghana,GHA,2000,32.9
Ghana,GHA,2005,28.6
Ghana,GHA,2010,25.4
Ghana,GHA,2015,20.7
Ghana,GHA,2020,15.9
Greece,GRC,1870,82.7
Greece,GRC,1875,80.4
Greece,GRC,1880,77.7
Greece,GRC,1885,74.9
Greece,GRC,1890,72.3
Greece,GRC,1895,70.3
Greece,GRC,1900,66.3
Greece,GRC,1905,63.9
Greece,GRC,1910,59.9
Greece,GRC,1915,56.6
Greece,GRC,1920,55.2
Greece,GRC,1925,54.4
Greece,GRC,1930,48.7
Greece,GRC,1935,39
Greece,GRC,1940,32.7
Greece,GRC,1945,27
Greece,GRC,1950,22.7
Greece,GRC,1955,16.5
Greece,GRC,1960,9.8
Greece,GRC,1965,11.5
Greece,GRC,1970,10.4
Greece,GRC,1975,7.7
Greece,GRC,1980,5.1
Greece,GRC,1985,5.1
Greece,GRC,1990,4.1
Greece,GRC,1995,5.4
Greece,GRC,2000,4.6
Greece,GRC,2005,0.7
Greece,GRC,2010,0.7
Greece,GRC,2015,0.7
Greece,GRC,2020,0.6
Guatemala,GTM,1870,94.5
Guatemala,GTM,1875,93.4
Guatemala,GTM,1880,92.1
Guatemala,GTM,1885,90.5
Guatemala,GTM,1890,88.6
Guatemala,GTM,1895,85.8
Guatemala,GTM,1900,80.4
Guatemala,GTM,1905,79.3
Guatemala,GTM,1910,75.5
Guatemala,GTM,1915,72.1
Guatemala,GTM,1920,69.1
Guatemala,GTM,1925,70.1
Guatemala,GTM,1930,70.3
Guatemala,GTM,1935,67.8
Guatemala,GTM,1940,68.1
Guatemala,GTM,1945,68.7
Guatemala,GTM,1950,69
Guatemala,GTM,1955,69.3
Guatemala,GTM,1960,69.2
Guatemala,GTM,1965,68.2
Guatemala,GTM,1970,64.3
Guatemala,GTM,1975,59.4
Guatemala,GTM,1980,46.5
Guatemala,GTM,1985,42.4
Guatemala,GTM,1990,37.7
Guatemala,GTM,1995,33.8
Guatemala,GTM,2000,30.2
Guatemala,GTM,2005,27.5
Guatemala,GTM,2010,19.2
Guatemala,GTM,2015,14
Guatemala,GTM,2020,10.5
Guyana,GUY,1870,93.3
Guyana,GUY,1875,89.9
Guyana,GUY,1880,83.3
Guyana,GUY,1885,76.8
Guyana,GUY,1890,70.5
Guyana,GUY,1895,65.5
Guyana,GUY,1900,58.7
Guyana,GUY,1905,52.9
Guyana,GUY,1910,48.2
Guyana,GUY,1915,41.2
Guyana,GUY,1920,35.1
Guyana,GUY,1925,32.1
Guyana,GUY,1930,30.2
Guyana,GUY,1935,26.2
Guyana,GUY,1940,22.1
Guyana,GUY,1945,20.4
Guyana,GUY,1950,18.1
Guyana,GUY,1955,15.5
Guyana,GUY,1960,12.8
Guyana,GUY,1965,10.2
Guyana,GUY,1970,7.5
Guyana,GUY,1975,5.9
Guyana,GUY,1980,4.6
Guyana,GUY,1985,4.9
Guyana,GUY,1990,5.1
Guyana,GUY,1995,5.3
Guyana,GUY,2000,5.2
Guyana,GUY,2005,5.2
Guyana,GUY,2010,4.2
Guyana,GUY,2015,4.4
Guyana,GUY,2020,6.9
Haiti,HTI,1870,100
Haiti,HTI,1875,100
Haiti,HTI,1880,100
Haiti,HTI,1885,100
Haiti,HTI,1890,100
Haiti,HTI,1895,100
Haiti,HTI,1900,97.5
Haiti,HTI,1905,96.7
Haiti,HTI,1910,96.1
Haiti,HTI,1915,95.4
Haiti,HTI,1920,94.7
Haiti,HTI,1925,94.3
Haiti,HTI,1930,93.3
Haiti,HTI,1935,91.4
Haiti,HTI,1940,89.9
Haiti,HTI,1945,89.1
Haiti,HTI,1950,89.6
Haiti,HTI,1955,87.7
Haiti,HTI,1960,84.7
Haiti,HTI,1965,81.5
Haiti,HTI,1970,77.5
Haiti,HTI,1975,72.8
Haiti,HTI,1980,65.9
Haiti,HTI,1985,46.7
Haiti,HTI,1990,41.6
Haiti,HTI,1995,36.3
Haiti,HTI,2000,33.6
Haiti,HTI,2005,27.9
Haiti,HTI,2010,22.9
Haiti,HTI,2015,18.8
Haiti,HTI,2020,14.8
Honduras,HND,1870,93.8
Honduras,HND,1875,92.4
Honduras,HND,1880,90.6
Honduras,HND,1885,88.5
Honduras,HND,1890,86.1
Honduras,HND,1895,83.4
Honduras,HND,1900,80.7
Honduras,HND,1905,76.4
Honduras,HND,1910,73
Honduras,HND,1915,70.3
Honduras,HND,1920,64
Honduras,HND,1925,63.1
Honduras,HND,1930,64.2
Honduras,HND,1935,65.7
Honduras,HND,1940,65.7
Honduras,HND,1945,64.2
Honduras,HND,1950,62.3
Honduras,HND,1955,59.9
Honduras,HND,1960,56.5
Honduras,HND,1965,51.7
Honduras,HND,1970,47.3
Honduras,HND,1975,42.8
Honduras,HND,1980,32.2
Honduras,HND,1985,23
Honduras,HND,1990,19.1
Honduras,HND,1995,15.5
Honduras,HND,2000,12.8
Honduras,HND,2005,11.1
Honduras,HND,2010,9.8
Honduras,HND,2015,7.9
Honduras,HND,2020,6.4
Hong Kong,HKG,1870,99.9
Hong Kong,HKG,1875,99.6
Hong Kong,HKG,1880,99.1
Hong Kong,HKG,1885,98.1
Hong Kong,HKG,1890,96.5
Hong Kong,HKG,1895,94
Hong Kong,HKG,1900,90.5
Hong Kong,HKG,1905,88.2
Hong Kong,HKG,1910,83.8
Hong Kong,HKG,1915,79.8
Hong Kong,HKG,1920,76.5
Hong Kong,HKG,1925,69.5
Hong Kong,HKG,1930,63.4
Hong Kong,HKG,1935,56
Hong Kong,HKG,1940,45.7
Hong Kong,HKG,1945,39.5
Hong Kong,HKG,1950,37.6
Hong Kong,HKG,1955,33.5
Hong Kong,HKG,1960,30
Hong Kong,HKG,1965,23
Hong Kong,HKG,1970,20.9
Hong Kong,HKG,1975,16.6
Hong Kong,HKG,1980,12.3
Hong Kong,HKG,1985,9.8
Hong Kong,HKG,1990,7.8
Hong Kong,HKG,1995,9.9
Hong Kong,HKG,2000,10.6
Hong Kong,HKG,2005,2.3
Hong Kong,HKG,2010,1.4
Hong Kong,HKG,2015,1
Hong Kong,HKG,2020,0.5
Hungary,HUN,1870,75.4
Hungary,HUN,1875,73
Hungary,HUN,1880,69.6
Hungary,HUN,1885,65.7
Hungary,HUN,1890,61.9
Hungary,HUN,1895,57.2
Hungary,HUN,1900,52.5
Hungary,HUN,1905,45
Hungary,HUN,1910,44.8
Hungary,HUN,1915,40.6
Hungary,HUN,1920,37.7
Hungary,HUN,1925,34.6
Hungary,HUN,1930,30.7
Hungary,HUN,1935,25.1
Hungary,HUN,1940,17
Hungary,HUN,1945,9.8
Hungary,HUN,1950,3.6
Hungary,HUN,1955,3
Hungary,HUN,1960,2.6
Hungary,HUN,1965,2.1
Hungary,HUN,1970,1.6
Hungary,HUN,1975,1.2
Hungary,HUN,1980,0.8
Hungary,HUN,1985,0.9
Hungary,HUN,1990,0.9
Hungary,HUN,1995,1
Hungary,HUN,2000,0.6
Hungary,HUN,2005,0.5
Hungary,HUN,2010,0.3
Hungary,HUN,2015,0.4
Hungary,HUN,2020,0.3
Iceland,ISL,1870,80.2
Iceland,ISL,1875,78.3
Iceland,ISL,1880,76.4
Iceland,ISL,1885,74.3
Iceland,ISL,1890,72
Iceland,ISL,1895,69.7
Iceland,ISL,1900,67.3
Iceland,ISL,1905,56.5
Iceland,ISL,1910,47.4
Iceland,ISL,1915,39.3
Iceland,ISL,1920,37.8
Iceland,ISL,1925,30.7
Iceland,ISL,1930,24.2
Iceland,ISL,1935,17.1
Iceland,ISL,1940,10
Iceland,ISL,1945,3.5
Iceland,ISL,1950,1
Iceland,ISL,1955,0.9
Iceland,ISL,1960,0.8
Iceland,ISL,1965,0.6
Iceland,ISL,1970,0.7
Iceland,ISL,1975,1.1
Iceland,ISL,1980,1.2
Iceland,ISL,1985,1.3
Iceland,ISL,1990,1.4
Iceland,ISL,1995,1.4
Iceland,ISL,2000,1.4
Iceland,ISL,2005,1.7
Iceland,ISL,2010,1.7
Iceland,ISL,2015,1.8
Iceland,ISL,2020,1.8
India,IND,1870,99.6
India,IND,1875,99.5
India,IND,1880,99.3
India,IND,1885,98.9
India,IND,1890,98.2
India,IND,1895,97.4
India,IND,1900,96.6
India,IND,1905,94.3
India,IND,1910,92
India,IND,1915,89.8
India,IND,1920,85.9
India,IND,1925,83.6
India,IND,1930,81.1
India,IND,1935,79.2
India,IND,1940,77.5
India,IND,1945,75.7
India,IND,1950,74.4
India,IND,1955,73
India,IND,1960,71.4
India,IND,1965,70.3
India,IND,1970,65.6
India,IND,1975,64.9
India,IND,1980,64.9
India,IND,1985,56.9
India,IND,1990,50.1
India,IND,1995,45.8
India,IND,2000,41.7
India,IND,2005,35
India,IND,2010,30.1
India,IND,2015,24.9
India,IND,2020,20.6
Indonesia,IDN,1870,99.9
Indonesia,IDN,1875,99.8
Indonesia,IDN,1880,99.8
Indonesia,IDN,1885,99.7
Indonesia,IDN,1890,99.6
Indonesia,IDN,1895,99.3
Indonesia,IDN,1900,99.1
Indonesia,IDN,1905,97.8
Indonesia,IDN,1910,96.7
Indonesia,IDN,1915,95.7
Indonesia,IDN,1920,90.7
Indonesia,IDN,1925,88.7
Indonesia,IDN,1930,87
Indonesia,IDN,1935,84.4
Indonesia,IDN,1940,82
Indonesia,IDN,1945,78.9
Indonesia,IDN,1950,75
Indonesia,IDN,1955,71.3
Indonesia,IDN,1960,65.9
Indonesia,IDN,1965,55.2
Indonesia,IDN,1970,43.2
Indonesia,IDN,1975,36.4
Indonesia,IDN,1980,29.1
Indonesia,IDN,1985,37.2
Indonesia,IDN,1990,40.8
Indonesia,IDN,1995,29.7
Indonesia,IDN,2000,19.3
Indonesia,IDN,2005,12
Indonesia,IDN,2010,4.8
Indonesia,IDN,2015,3.6
Indonesia,IDN,2020,2.6
Iran,IRN,1870,100
Iran,IRN,1875,100
Iran,IRN,1880,100
Iran,IRN,1885,100
Iran,IRN,1890,99.9
Iran,IRN,1895,99.9
Iran,IRN,1900,99.7
Iran,IRN,1905,99.6
Iran,IRN,1910,99.4
Iran,IRN,1915,97.5
Iran,IRN,1920,97.2
Iran,IRN,1925,96.9
Iran,IRN,1930,96.5
Iran,IRN,1935,96
Iran,IRN,1940,94.4
Iran,IRN,1945,93
Iran,IRN,1950,91.3
Iran,IRN,1955,89.9
Iran,IRN,1960,86.2
Iran,IRN,1965,79.4
Iran,IRN,1970,73
Iran,IRN,1975,66.6
Iran,IRN,1980,55.8
Iran,IRN,1985,45
Iran,IRN,1990,36
Iran,IRN,1995,25.7
Iran,IRN,2000,17.7
Iran,IRN,2005,13.9
Iran,IRN,2010,11.8
Iran,IRN,2015,10.8
Iran,IRN,2020,9.2
Iraq,IRQ,1870,99.9
Iraq,IRQ,1875,99.9
Iraq,IRQ,1880,99.9
Iraq,IRQ,1885,99.9
Iraq,IRQ,1890,99.8
Iraq,IRQ,1895,99.7
Iraq,IRQ,1900,99.7
Iraq,IRQ,1905,99.7
Iraq,IRQ,1910,99.6
Iraq,IRQ,1915,99.8
Iraq,IRQ,1920,99.8
Iraq,IRQ,1925,99.7
Iraq,IRQ,1930,99.6
Iraq,IRQ,1935,99.4
Iraq,IRQ,1940,99
Iraq,IRQ,1945,98.5
Iraq,IRQ,1950,97.2
Iraq,IRQ,1955,95.6
Iraq,IRQ,1960,93
Iraq,IRQ,1965,88.1
Iraq,IRQ,1970,79.3
Iraq,IRQ,1975,72.5
Iraq,IRQ,1980,64.5
Iraq,IRQ,1985,52.9
Iraq,IRQ,1990,42.1
Iraq,IRQ,1995,34.4
Iraq,IRQ,2000,27.7
Iraq,IRQ,2005,26.2
Iraq,IRQ,2010,21.6
Iraq,IRQ,2015,16.7
Iraq,IRQ,2020,13.2
Ireland,IRL,1870,81.9
Ireland,IRL,1875,79.3
Ireland,IRL,1880,76.6
Ireland,IRL,1885,73.8
Ireland,IRL,1890,69.9
Ireland,IRL,1895,65.6
Ireland,IRL,1900,61.5
Ireland,IRL,1905,56.7
Ireland,IRL,1910,52.4
Ireland,IRL,1915,47.4
Ireland,IRL,1920,42.4
Ireland,IRL,1925,37.3
Ireland,IRL,1930,32.1
Ireland,IRL,1935,24.4
Ireland,IRL,1940,15.8
Ireland,IRL,1945,9.7
Ireland,IRL,1950,5.2
Ireland,IRL,1955,4.5
Ireland,IRL,1960,4
Ireland,IRL,1965,3.4
Ireland,IRL,1970,3.3
Ireland,IRL,1975,3.3
Ireland,IRL,1980,1.9
Ireland,IRL,1985,1.7
Ireland,IRL,1990,1.7
Ireland,IRL,1995,4.1
Ireland,IRL,2000,4.2
Ireland,IRL,2005,0.6
Ireland,IRL,2010,0.6
Ireland,IRL,2015,0.5
Ireland,IRL,2020,0.4
Israel,ISR,2015,1.2
Israel,ISR,2020,0.9
Italy,ITA,1870,71.9
Italy,ITA,1875,69.4
Italy,ITA,1880,65.3
Italy,ITA,1885,60.7
Italy,ITA,1890,56.4
Italy,ITA,1895,52.5
Italy,ITA,1900,48.2
Italy,ITA,1905,44.7
Italy,ITA,1910,43.3
Italy,ITA,1915,38.6
Italy,ITA,1920,33.7
Italy,ITA,1925,29.1
Italy,ITA,1930,26.4
Italy,ITA,1935,23
Italy,ITA,1940,18.2
Italy,ITA,1945,13.7
Italy,ITA,1950,11.6
Italy,ITA,1955,9.9
Italy,ITA,1960,7.8
Italy,ITA,1965,5.9
Italy,ITA,1970,4.1
Italy,ITA,1975,4.9
Italy,ITA,1980,5.3
Italy,ITA,1985,5.9
Italy,ITA,1990,4.8
Italy,ITA,1995,3.8
Italy,ITA,2000,2.6
Italy,ITA,2005,2
Italy,ITA,2010,1.5
Italy,ITA,2015,1.2
Italy,ITA,2020,1
Jamaica,JAM,1870,82.4
Jamaica,JAM,1875,79.5
Jamaica,JAM,1880,75.9
Jamaica,JAM,1885,69.9
Jamaica,JAM,1890,62.4
Jamaica,JAM,1895,54.6
Jamaica,JAM,1900,48.8
Jamaica,JAM,1905,41.4
Jamaica,JAM,1910,37.2
Jamaica,JAM,1915,34.7
Jamaica,JAM,1920,32.1
Jamaica,JAM,1925,30.4
Jamaica,JAM,1930,28.7
Jamaica,JAM,1935,24.5
Jamaica,JAM,1940,21.3
Jamaica,JAM,1945,19
Jamaica,JAM,1950,17.6
Jamaica,JAM,1955,16.4
Jamaica,JAM,1960,15.3
Jamaica,JAM,1965,9.2
Jamaica,JAM,1970,3.4
Jamaica,JAM,1975,2.5
Jamaica,JAM,1980,2.1
Jamaica,JAM,1985,4
Jamaica,JAM,1990,3.9
Jamaica,JAM,1995,4.9
Jamaica,JAM,2000,5.2
Jamaica,JAM,2005,4.9
Jamaica,JAM,2010,5.3
Jamaica,JAM,2015,5.3
Jamaica,JAM,2020,5.1
Japan,JPN,1870,80.5
Japan,JPN,1875,77.1
Japan,JPN,1880,73.2
Japan,JPN,1885,66.9
Japan,JPN,1890,55.5
Japan,JPN,1895,51.5
Japan,JPN,1900,43.5
Japan,JPN,1905,35.2
Japan,JPN,1910,29.2
Japan,JPN,1915,24.2
Japan,JPN,1920,18.2
Japan,JPN,1925,15.4
Japan,JPN,1930,11.6
Japan,JPN,1935,8.5
Japan,JPN,1940,5.7
Japan,JPN,1945,3.5
Japan,JPN,1950,3.5
Japan,JPN,1955,2.1
Japan,JPN,1960,1.1
Japan,JPN,1965,0.8
Japan,JPN,1970,0.3
Japan,JPN,1975,0.2
Japan,JPN,1980,0.2
Japan,JPN,1985,0.2
Japan,JPN,1990,0.1
Japan,JPN,1995,0.1
Japan,JPN,2000,0.1
Japan,JPN,2005,0.1
Japan,JPN,2010,0.1
Japan,JPN,2015,0.2
Japan,JPN,2020,0.2
Jordan,JOR,1870,99.9
Jordan,JOR,1875,99.8
Jordan,JOR,1880,99.8
Jordan,JOR,1885,99.7
Jordan,JOR,1890,99.6
Jordan,JOR,1895,99.5
Jordan,JOR,1900,99.3
Jordan,JOR,1905,98.2
Jordan,JOR,1910,97.2
Jordan,JOR,1915,96.4
Jordan,JOR,1920,89.6
Jordan,JOR,1925,88.6
Jordan,JOR,1930,87.7
Jordan,JOR,1935,87.2
Jordan,JOR,1940,85.3
Jordan,JOR,1945,83.5
Jordan,JOR,1950,80.2
Jordan,JOR,1955,74.7
Jordan,JOR,1960,65.9
Jordan,JOR,1965,58.1
Jordan,JOR,1970,53.5
Jordan,JOR,1975,48.8
Jordan,JOR,1980,44.8
Jordan,JOR,1985,37
Jordan,JOR,1990,28.1
Jordan,JOR,1995,21.8
Jordan,JOR,2000,16.4
Jordan,JOR,2005,10.7
Jordan,JOR,2010,4.8
Jordan,JOR,2015,3.4
Jordan,JOR,2020,2.6
Kazakhstan,KAZ,2015,0.1
Kazakhstan,KAZ,2020,0.1
Kenya,KEN,1870,99.9
Kenya,KEN,1875,99.9
Kenya,KEN,1880,99.8
Kenya,KEN,1885,99.8
Kenya,KEN,1890,99.7
Kenya,KEN,1895,99.6
Kenya,KEN,1900,99.5
Kenya,KEN,1905,97.3
Kenya,KEN,1910,95.4
Kenya,KEN,1915,93.9
Kenya,KEN,1920,87.2
Kenya,KEN,1925,85.9
Kenya,KEN,1930,84.5
Kenya,KEN,1935,83.2
Kenya,KEN,1940,81.9
Kenya,KEN,1945,79.5
Kenya,KEN,1950,77.5
Kenya,KEN,1955,74.7
Kenya,KEN,1960,70.8
Kenya,KEN,1965,68.2
Kenya,KEN,1970,62.7
Kenya,KEN,1975,53.7
Kenya,KEN,1980,43.6
Kenya,KEN,1985,34
Kenya,KEN,1990,26.8
Kenya,KEN,1995,23.5
Kenya,KEN,2000,20.8
Kenya,KEN,2005,18
Kenya,KEN,2010,15.2
Kenya,KEN,2015,10.1
Kenya,KEN,2020,6.4
Kuwait,KWT,1870,100
Kuwait,KWT,1875,100
Kuwait,KWT,1880,100
Kuwait,KWT,1885,100
Kuwait,KWT,1890,100
Kuwait,KWT,1895,100
Kuwait,KWT,1900,100
Kuwait,KWT,1905,100
Kuwait,KWT,1910,98
Kuwait,KWT,1915,96
Kuwait,KWT,1920,93.8
Kuwait,KWT,1925,91.9
Kuwait,KWT,1930,83.9
Kuwait,KWT,1935,79.4
Kuwait,KWT,1940,75.7
Kuwait,KWT,1945,70
Kuwait,KWT,1950,65.5
Kuwait,KWT,1955,59.9
Kuwait,KWT,1960,53.6
Kuwait,KWT,1965,47.6
Kuwait,KWT,1970,43.4
Kuwait,KWT,1975,57.5
Kuwait,KWT,1980,49.6
Kuwait,KWT,1985,44.2
Kuwait,KWT,1990,40.2
Kuwait,KWT,1995,38.7
Kuwait,KWT,2000,22.4
Kuwait,KWT,2005,5.9
Kuwait,KWT,2010,5.6
Kuwait,KWT,2015,3.7
Kuwait,KWT,2020,2.7
Kyrgyzstan,KGZ,2015,0.2
Kyrgyzstan,KGZ,2020,0.2
Laos,LAO,2015,26.7
Laos,LAO,2020,23.6
Latvia,LVA,2015,0.6
Latvia,LVA,2020,0.6
Lesotho,LSO,1870,99.3
Lesotho,LSO,1875,99
Lesotho,LSO,1880,98.4
Lesotho,LSO,1885,97.7
Lesotho,LSO,1890,96.6
Lesotho,LSO,1895,95.1
Lesotho,LSO,1900,93.3
Lesotho,LSO,1905,91.3
Lesotho,LSO,1910,88
Lesotho,LSO,1915,85.5
Lesotho,LSO,1920,83
Lesotho,LSO,1925,74.4
Lesotho,LSO,1930,68.7
Lesotho,LSO,1935,64.7
Lesotho,LSO,1940,58.7
Lesotho,LSO,1945,51.7
Lesotho,LSO,1950,43.7
Lesotho,LSO,1955,38.6
Lesotho,LSO,1960,33.7
Lesotho,LSO,1965,28.3
Lesotho,LSO,1970,26.8
Lesotho,LSO,1975,25.6
Lesotho,LSO,1980,23.3
Lesotho,LSO,1985,21.4
Lesotho,LSO,1990,19.4
Lesotho,LSO,1995,17.1
Lesotho,LSO,2000,14.9
Lesotho,LSO,2005,9.6
Lesotho,LSO,2010,9.5
Lesotho,LSO,2015,8.1
Lesotho,LSO,2020,7.3
Liberia,LBR,1870,99.1
Liberia,LBR,1875,98.9
Liberia,LBR,1880,98.6
Liberia,LBR,1885,98.2
Liberia,LBR,1890,97.8
Liberia,LBR,1895,97.2
Liberia,LBR,1900,96.5
Liberia,LBR,1905,95
Liberia,LBR,1910,93.4
Liberia,LBR,1915,92.4
Liberia,LBR,1920,89.6
Liberia,LBR,1925,89.9
Liberia,LBR,1930,91
Liberia,LBR,1935,91.9
Liberia,LBR,1940,91.3
Liberia,LBR,1945,91.1
Liberia,LBR,1950,91.3
Liberia,LBR,1955,90.6
Liberia,LBR,1960,88.5
Liberia,LBR,1965,85.8
Liberia,LBR,1970,84.2
Liberia,LBR,1975,78.7
Liberia,LBR,1980,72.2
Liberia,LBR,1985,65.5
Liberia,LBR,1990,60.8
Liberia,LBR,1995,60.9
Liberia,LBR,2000,56.7
Liberia,LBR,2005,52.1
Liberia,LBR,2010,44.7
Liberia,LBR,2015,41.3
Liberia,LBR,2020,36
Libya,LBY,1870,100
Libya,LBY,1875,100
Libya,LBY,1880,99.9
Libya,LBY,1885,99.9
Libya,LBY,1890,99.9
Libya,LBY,1895,99.9
Libya,LBY,1900,99.8
Libya,LBY,1905,99.7
Libya,LBY,1910,98.6
Libya,LBY,1915,97.6
Libya,LBY,1920,96.8
Libya,LBY,1925,94.2
Libya,LBY,1930,92.3
Libya,LBY,1935,90.8
Libya,LBY,1940,89.4
Libya,LBY,1945,87.9
Libya,LBY,1950,86.2
Libya,LBY,1955,84.2
Libya,LBY,1960,81.9
Libya,LBY,1965,75.6
Libya,LBY,1970,66.2
Libya,LBY,1975,56.6
Libya,LBY,1980,47.7
Libya,LBY,1985,39
Libya,LBY,1990,32.1
Libya,LBY,1995,27.8
Libya,LBY,2000,23.8
Libya,LBY,2005,21.1
Libya,LBY,2010,18.8
Libya,LBY,2015,16.3
Libya,LBY,2020,14.9
Lithuania,LTU,2015,0.2
Lithuania,LTU,2020,0.1
Luxembourg,LUX,1870,99.2
Luxembourg,LUX,1875,98.9
Luxembourg,LUX,1880,98.7
Luxembourg,LUX,1885,98.3
Luxembourg,LUX,1890,97.8
Luxembourg,LUX,1895,97.3
Luxembourg,LUX,1900,96.6
Luxembourg,LUX,1905,96
Luxembourg,LUX,1910,95
Luxembourg,LUX,1915,94.2
Luxembourg,LUX,1920,93
Luxembourg,LUX,1925,91.8
Luxembourg,LUX,1930,90.1
Luxembourg,LUX,1935,77.5
Luxembourg,LUX,1940,66.1
Luxembourg,LUX,1945,56.8
Luxembourg,LUX,1950,44.1
Luxembourg,LUX,1955,34.7
Luxembourg,LUX,1960,28.9
Luxembourg,LUX,1965,19.2
Luxembourg,LUX,1970,8.6
Luxembourg,LUX,1975,1.3
Luxembourg,LUX,1980,2.4
Luxembourg,LUX,1985,3.7
Luxembourg,LUX,1990,4.4
Luxembourg,LUX,1995,5.5
Luxembourg,LUX,2000,6.7
Luxembourg,LUX,2005,6.2
Luxembourg,LUX,2010,5.3
Luxembourg,LUX,2015,5.3
Luxembourg,LUX,2020,5.4
Macao,MAC,2015,1.6
Macao,MAC,2020,1.6
Malawi,MWI,1870,100
Malawi,MWI,1875,100
Malawi,MWI,1880,100
Malawi,MWI,1885,99.9
Malawi,MWI,1890,99.9
Malawi,MWI,1895,99.8
Malawi,MWI,1900,99.7
Malawi,MWI,1905,99.5
Malawi,MWI,1910,95.2
Malawi,MWI,1915,91.3
Malawi,MWI,1920,88.3
Malawi,MWI,1925,84.8
Malawi,MWI,1930,81.4
Malawi,MWI,1935,77.7
Malawi,MWI,1940,73.9
Malawi,MWI,1945,69.8
Malawi,MWI,1950,65
Malawi,MWI,1955,63.4
Malawi,MWI,1960,62
Malawi,MWI,1965,59.3
Malawi,MWI,1970,49.6
Malawi,MWI,1975,47.9
Malawi,MWI,1980,48.5
Malawi,MWI,1985,47.5
Malawi,MWI,1990,43.3
Malawi,MWI,1995,40.3
Malawi,MWI,2000,33
Malawi,MWI,2005,22.3
Malawi,MWI,2010,15.7
Malawi,MWI,2015,11.8
Malawi,MWI,2020,8.2
Malaysia,MYS,1870,99.7
Malaysia,MYS,1875,99.5
Malaysia,MYS,1880,99.4
Malaysia,MYS,1885,99.1
Malaysia,MYS,1890,98.8
Malaysia,MYS,1895,98.4
Malaysia,MYS,1900,97.8
Malaysia,MYS,1905,94.8
Malaysia,MYS,1910,91.6
Malaysia,MYS,1915,88.8
Malaysia,MYS,1920,86
Malaysia,MYS,1925,80
Malaysia,MYS,1930,74.6
Malaysia,MYS,1935,70.1
Malaysia,MYS,1940,66.2
Malaysia,MYS,1945,62.3
Malaysia,MYS,1950,58
Malaysia,MYS,1955,53.7
Malaysia,MYS,1960,48
Malaysia,MYS,1965,41.6
Malaysia,MYS,1970,33.5
Malaysia,MYS,1975,29.2
Malaysia,MYS,1980,23.8
Malaysia,MYS,1985,19.1
Malaysia,MYS,1990,15.1
Malaysia,MYS,1995,11.6
Malaysia,MYS,2000,8.9
Malaysia,MYS,2005,6.9
Malaysia,MYS,2010,4.4
Malaysia,MYS,2015,3.1
Malaysia,MYS,2020,2.2
Maldives,MDV,2015,13.2
Maldives,MDV,2020,10.9
Mali,MLI,1870,100
Mali,MLI,1875,100
Mali,MLI,1880,100
Mali,MLI,1885,100
Mali,MLI,1890,100
Mali,MLI,1895,100
Mali,MLI,1900,100
Mali,MLI,1905,100
Mali,MLI,1910,99.9
Mali,MLI,1915,99.9
Mali,MLI,1920,99.6
Mali,MLI,1925,99.4
Mali,MLI,1930,99.2
Mali,MLI,1935,97.4
Mali,MLI,1940,97.2
Mali,MLI,1945,96.8
Mali,MLI,1950,96
Mali,MLI,1955,95.4
Mali,MLI,1960,95
Mali,MLI,1965,94.3
Mali,MLI,1970,93.2
Mali,MLI,1975,89.9
Mali,MLI,1980,87
Mali,MLI,1985,84
Mali,MLI,1990,81.9
Mali,MLI,1995,80.3
Mali,MLI,2000,77.9
Mali,MLI,2005,72
Mali,MLI,2010,72.7
Mali,MLI,2015,65.4
Mali,MLI,2020,57
Malta,MLT,1870,91.2
Malta,MLT,1875,89.5
Malta,MLT,1880,87.5
Malta,MLT,1885,85.1
Malta,MLT,1890,82.5
Malta,MLT,1895,79.4
Malta,MLT,1900,75.6
Malta,MLT,1905,71.5
Malta,MLT,1910,76.4
Malta,MLT,1915,71.7
Malta,MLT,1920,68.1
Malta,MLT,1925,65.6
Malta,MLT,1930,65.1
Malta,MLT,1935,61.1
Malta,MLT,1940,56.1
Malta,MLT,1945,51.2
Malta,MLT,1950,47.5
Malta,MLT,1955,38
Malta,MLT,1960,28.3
Malta,MLT,1965,21.7
Malta,MLT,1970,22.3
Malta,MLT,1975,22.4
Malta,MLT,1980,22.5
Malta,MLT,1985,17.7
Malta,MLT,1990,14.6
Malta,MLT,1995,10.8
Malta,MLT,2000,5.9
Malta,MLT,2005,2.6
Malta,MLT,2010,2.5
Malta,MLT,2015,2.8
Malta,MLT,2020,3
Mauritania,MRT,2015,23.7
Mauritania,MRT,2020,18.2
Mauritius,MUS,1870,95.3
Mauritius,MUS,1875,94.1
Mauritius,MUS,1880,92.5
Mauritius,MUS,1885,90.3
Mauritius,MUS,1890,87.6
Mauritius,MUS,1895,84.5
Mauritius,MUS,1900,76
Mauritius,MUS,1905,72.2
Mauritius,MUS,1910,70.4
Mauritius,MUS,1915,67.2
Mauritius,MUS,1920,64.2
Mauritius,MUS,1925,60.9
Mauritius,MUS,1930,57.4
Mauritius,MUS,1935,53.4
Mauritius,MUS,1940,51.9
Mauritius,MUS,1945,50.5
Mauritius,MUS,1950,49.4
Mauritius,MUS,1955,44.4
Mauritius,MUS,1960,38.2
Mauritius,MUS,1965,30.9
Mauritius,MUS,1970,23.8
Mauritius,MUS,1975,20.8
Mauritius,MUS,1980,19.4
Mauritius,MUS,1985,15.1
Mauritius,MUS,1990,11.1
Mauritius,MUS,1995,8.3
Mauritius,MUS,2000,6.4
Mauritius,MUS,2005,4.5
Mauritius,MUS,2010,2.5
Mauritius,MUS,2015,1.7
Mauritius,MUS,2020,1
Mexico,MEX,1870,88.2
Mexico,MEX,1875,85.7
Mexico,MEX,1880,82.8
Mexico,MEX,1885,80.2
Mexico,MEX,1890,77.8
Mexico,MEX,1895,75.7
Mexico,MEX,1900,73.6
Mexico,MEX,1905,68
Mexico,MEX,1910,62.6
Mexico,MEX,1915,59.7
Mexico,MEX,1920,63.4
Mexico,MEX,1925,60.9
Mexico,MEX,1930,59
Mexico,MEX,1935,50.6
Mexico,MEX,1940,42.7
Mexico,MEX,1945,43.5
Mexico,MEX,1950,45.3
Mexico,MEX,1955,42.4
Mexico,MEX,1960,39.7
Mexico,MEX,1965,35.2
Mexico,MEX,1970,30.7
Mexico,MEX,1975,29
Mexico,MEX,1980,25.9
Mexico,MEX,1985,19.6
Mexico,MEX,1990,14.2
Mexico,MEX,1995,10.8
Mexico,MEX,2000,7.9
Mexico,MEX,2005,5.1
Mexico,MEX,2010,4.8
Mexico,MEX,2015,4.2
Mexico,MEX,2020,3.3
Moldova,MDA,2015,0.6
Moldova,MDA,2020,0.9
Mongolia,MNG,2015,3.6
Mongolia,MNG,2020,3.4
Morocco,MAR,1870,100
Morocco,MAR,1875,100
Morocco,MAR,1880,100
Morocco,MAR,1885,99.9
Morocco,MAR,1890,99.9
Morocco,MAR,1895,99.9
Morocco,MAR,1900,99.9
Morocco,MAR,1905,99.8
Morocco,MAR,1910,99.8
Morocco,MAR,1915,99.3
Morocco,MAR,1920,98.9
Morocco,MAR,1925,98.6
Morocco,MAR,1930,98.2
Morocco,MAR,1935,97.8
Morocco,MAR,1940,97.3
Morocco,MAR,1945,96.7
Morocco,MAR,1950,96.2
Morocco,MAR,1955,95
Morocco,MAR,1960,93.5
Morocco,MAR,1965,90.9
Morocco,MAR,1970,86.2
Morocco,MAR,1975,80.7
Morocco,MAR,1980,75.4
Morocco,MAR,1985,69.3
Morocco,MAR,1990,62.7
Morocco,MAR,1995,56.9
Morocco,MAR,2000,52.1
Morocco,MAR,2005,46.4
Morocco,MAR,2010,40.5
Morocco,MAR,2015,33.7
Morocco,MAR,2020,28.2
Mozambique,MOZ,1870,99.9
Mozambique,MOZ,1875,99.9
Mozambique,MOZ,1880,99.9
Mozambique,MOZ,1885,99.9
Mozambique,MOZ,1890,99.8
Mozambique,MOZ,1895,99.8
Mozambique,MOZ,1900,99.7
Mozambique,MOZ,1905,99.6
Mozambique,MOZ,1910,99.5
Mozambique,MOZ,1915,99.3
Mozambique,MOZ,1920,99.1
Mozambique,MOZ,1925,98
Mozambique,MOZ,1930,96.5
Mozambique,MOZ,1935,95.5
Mozambique,MOZ,1940,89
Mozambique,MOZ,1945,87.7
Mozambique,MOZ,1950,86
Mozambique,MOZ,1955,81.1
Mozambique,MOZ,1960,76.4
Mozambique,MOZ,1965,71.8
Mozambique,MOZ,1970,72.2
Mozambique,MOZ,1975,74.5
Mozambique,MOZ,1980,70.6
Mozambique,MOZ,1985,70.5
Mozambique,MOZ,1990,75.9
Mozambique,MOZ,1995,78.5
Mozambique,MOZ,2000,76.4
Mozambique,MOZ,2005,73.5
Mozambique,MOZ,2010,66.6
Mozambique,MOZ,2015,55.8
Mozambique,MOZ,2020,45.5
Myanmar,MMR,1870,98.3
Myanmar,MMR,1875,97.4
Myanmar,MMR,1880,96.2
Myanmar,MMR,1885,94.1
Myanmar,MMR,1890,91.4
Myanmar,MMR,1895,89.3
Myanmar,MMR,1900,88.4
Myanmar,MMR,1905,87.2
Myanmar,MMR,1910,86
Myanmar,MMR,1915,80.7
Myanmar,MMR,1920,79.7
Myanmar,MMR,1925,78.8
Myanmar,MMR,1930,77.6
Myanmar,MMR,1935,77.6
Myanmar,MMR,1940,76.6
Myanmar,MMR,1945,77.1
Myanmar,MMR,1950,76.5
Myanmar,MMR,1955,74.8
Myanmar,MMR,1960,74.2
Myanmar,MMR,1965,70.2
Myanmar,MMR,1970,70
Myanmar,MMR,1975,67.2
Myanmar,MMR,1980,54.9
Myanmar,MMR,1985,45
Myanmar,MMR,1990,31.5
Myanmar,MMR,1995,25.8
Myanmar,MMR,2000,21.1
Myanmar,MMR,2005,17.9
Myanmar,MMR,2010,13.5
Myanmar,MMR,2015,11.1
Myanmar,MMR,2020,8.5
Namibia,NAM,2015,19
Namibia,NAM,2020,19.2
Nepal,NPL,1870,100
Nepal,NPL,1875,100
Nepal,NPL,1880,100
Nepal,NPL,1885,100
Nepal,NPL,1890,100
Nepal,NPL,1895,100
Nepal,NPL,1900,100
Nepal,NPL,1905,99.9
Nepal,NPL,1910,99.9
Nepal,NPL,1915,99.8
Nepal,NPL,1920,99.1
Nepal,NPL,1925,99.1
Nepal,NPL,1930,99
Nepal,NPL,1935,98.9
Nepal,NPL,1940,98.8
Nepal,NPL,1945,98.7
Nepal,NPL,1950,98.6
Nepal,NPL,1955,98.4
Nepal,NPL,1960,98.2
Nepal,NPL,1965,95.9
Nepal,NPL,1970,92.2
Nepal,NPL,1975,88.6
Nepal,NPL,1980,84.4
Nepal,NPL,1985,74.5
Nepal,NPL,1990,64.9
Nepal,NPL,1995,60.2
Nepal,NPL,2000,51.6
Nepal,NPL,2005,41.8
Nepal,NPL,2010,33
Nepal,NPL,2015,27.4
Nepal,NPL,2020,20.5
Netherlands,NLD,1870,28
Netherlands,NLD,1875,26.7
Netherlands,NLD,1880,25.2
Netherlands,NLD,1885,23.8
Netherlands,NLD,1890,22.7
Netherlands,NLD,1895,21.6
Netherlands,NLD,1900,20.5
Netherlands,NLD,1905,17.9
Netherlands,NLD,1910,15.5
Netherlands,NLD,1915,12.9
Netherlands,NLD,1920,9.4
Netherlands,NLD,1925,7.5
Netherlands,NLD,1930,6.1
Netherlands,NLD,1935,4.8
Netherlands,NLD,1940,3.3
Netherlands,NLD,1945,2.3
Netherlands,NLD,1950,2
Netherlands,NLD,1955,1.7
Netherlands,NLD,1960,1.3
Netherlands,NLD,1965,1.8
Netherlands,NLD,1970,1.6
Netherlands,NLD,1975,1.6
Netherlands,NLD,1980,1.5
Netherlands,NLD,1985,2
Netherlands,NLD,1990,1.5
Netherlands,NLD,1995,1.1
Netherlands,NLD,2000,0.8
Netherlands,NLD,2005,3.1
Netherlands,NLD,2010,0
Netherlands,NLD,2015,0.2
Netherlands,NLD,2020,0.2
New Zealand,NZL,1870,29.1
New Zealand,NZL,1875,27.7
New Zealand,NZL,1880,25.4
New Zealand,NZL,1885,21.8
New Zealand,NZL,1890,18.8
New Zealand,NZL,1895,15.6
New Zealand,NZL,1900,12.9
New Zealand,NZL,1905,9.8
New Zealand,NZL,1910,8.9
New Zealand,NZL,1915,6.8
New Zealand,NZL,1920,5.2
New Zealand,NZL,1925,4.3
New Zealand,NZL,1930,3
New Zealand,NZL,1935,2.3
New Zealand,NZL,1940,2.3
New Zealand,NZL,1945,2
New Zealand,NZL,1950,1.7
New Zealand,NZL,1955,1.5
New Zealand,NZL,1960,1.6
New Zealand,NZL,1965,1.9
New Zealand,NZL,1970,1.7
New Zealand,NZL,1975,0.5
New Zealand,NZL,1980,0.7
New Zealand,NZL,1985,0.3
New Zealand,NZL,1990,0.1
New Zealand,NZL,1995,0.1
New Zealand,NZL,2000,0.1
New Zealand,NZL,2005,0.2
New Zealand,NZL,2010,1.1
New Zealand,NZL,2015,1.4
New Zealand,NZL,2020,1.7
Nicaragua,NIC,1870,95.8
Nicaragua,NIC,1875,94.7
Nicaragua,NIC,1880,93.5
Nicaragua,NIC,1885,91.9
Nicaragua,NIC,1890,90
Nicaragua,NIC,1895,87.9
Nicaragua,NIC,1900,78.8
Nicaragua,NIC,1905,75.5
Nicaragua,NIC,1910,73.4
Nicaragua,NIC,1915,71.8
Nicaragua,NIC,1920,69.8
Nicaragua,NIC,1925,66.9
Nicaragua,NIC,1930,65.8
Nicaragua,NIC,1935,65.7
Nicaragua,NIC,1940,65.4
Nicaragua,NIC,1945,65
Nicaragua,NIC,1950,64.1
Nicaragua,NIC,1955,59.9
Nicaragua,NIC,1960,54.6
Nicaragua,NIC,1965,50.5
Nicaragua,NIC,1970,47.5
Nicaragua,NIC,1975,44.9
Nicaragua,NIC,1980,42.6
Nicaragua,NIC,1985,39.1
Nicaragua,NIC,1990,34.6
Nicaragua,NIC,1995,30.6
Nicaragua,NIC,2000,25.3
Nicaragua,NIC,2005,19.5
Nicaragua,NIC,2010,15.4
Nicaragua,NIC,2015,12.2
Nicaragua,NIC,2020,9.7
Niger,NER,1870,100
Niger,NER,1875,100
Niger,NER,1880,100
Niger,NER,1885,100
Niger,NER,1890,100
Niger,NER,1895,100
Niger,NER,1900,100
Niger,NER,1905,100
Niger,NER,1910,100
Niger,NER,1915,100
Niger,NER,1920,98.5
Niger,NER,1925,97.3
Niger,NER,1930,96.4
Niger,NER,1935,94.6
Niger,NER,1940,93.8
Niger,NER,1945,93.2
Niger,NER,1950,92.7
Niger,NER,1955,92.2
Niger,NER,1960,91.8
Niger,NER,1965,91.7
Niger,NER,1970,91
Niger,NER,1975,90.1
Niger,NER,1980,88.5
Niger,NER,1985,86.3
Niger,NER,1990,83.4
Niger,NER,1995,80.5
Niger,NER,2000,78.5
Niger,NER,2005,76.3
Niger,NER,2010,72.1
Niger,NER,2015,65.6
Niger,NER,2020,58.1
North America,,1870,42.40941
North America,,1875,37.297104
North America,,1880,32.373875
North America,,1885,28.065687
North America,,1890,25.365997
North America,,1895,23.115246
North America,,1900,20.974174
North America,,1905,18.806017
North America,,1910,17.323174
North America,,1915,16.173012
North America,,1920,15.879867
North America,,1925,15.008409
North America,,1930,14.06716
North America,,1935,12.803636
North America,,1940,11.808436
North America,,1945,11.791438
North America,,1950,12.510173
North America,,1955,12.093771
North America,,1960,11.511199
North America,,1965,10.965585
North America,,1970,10.283713
North America,,1975,9.997152
North America,,1980,8.926743
North America,,1985,7.603409
North America,,1990,6.4489746
North America,,1995,5.1743603
North America,,2000,4.253304
North America,,2005,3.3355465
North America,,2010,2.7910197
North America,,2015,2.3765178
North America,,2020,1.9865261
Norway,NOR,1870,37.7
Norway,NOR,1875,35.2
Norway,NOR,1880,32.8
Norway,NOR,1885,30.5
Norway,NOR,1890,28.3
Norway,NOR,1895,25
Norway,NOR,1900,21.6
Norway,NOR,1905,17.5
Norway,NOR,1910,14.3
Norway,NOR,1915,11.2
Norway,NOR,1920,11.2
Norway,NOR,1925,8.9
Norway,NOR,1930,7.1
Norway,NOR,1935,5.7
Norway,NOR,1940,4.7
Norway,NOR,1945,3.6
Norway,NOR,1950,3.5
Norway,NOR,1955,2.9
Norway,NOR,1960,2.1
Norway,NOR,1965,2
Norway,NOR,1970,0.7
Norway,NOR,1975,2.3
Norway,NOR,1980,2.2
Norway,NOR,1985,0.8
Norway,NOR,1990,0.1
Norway,NOR,1995,0.2
Norway,NOR,2000,0.2
Norway,NOR,2005,3
Norway,NOR,2010,6.6
Norway,NOR,2015,7.3
Norway,NOR,2020,7.7
Oceania,,1870,50.94365
Oceania,,1875,46.154583
Oceania,,1880,41.442772
Oceania,,1885,36.018246
Oceania,,1890,30.103416
Oceania,,1895,25.32548
Oceania,,1900,24.734154
Oceania,,1905,21.974396
Oceania,,1910,17.977001
Oceania,,1915,14.73027
Oceania,,1920,11.81375
Oceania,,1925,9.791445
Oceania,,1930,7.6671615
Oceania,,1935,5.874253
Oceania,,1940,4.678712
Oceania,,1945,3.3500316
Oceania,,1950,2.1519003
Oceania,,1955,1.8027796
Oceania,,1960,1.582212
Oceania,,1965,1.4343317
Oceania,,1970,1.3010502
Oceania,,1975,1.2791549
Oceania,,1980,0.99271166
Oceania,,1985,1.0755742
Oceania,,1990,0.9374099
Oceania,,1995,1.0598991
Oceania,,2000,0.7739559
Oceania,,2005,0.5864684
Oceania,,2010,0.6387767
Oceania,,2015,8.77292
Oceania,,2020,8.96363
Pakistan,PAK,1870,99.9
Pakistan,PAK,1875,99.9
Pakistan,PAK,1880,99.9
Pakistan,PAK,1885,99.9
Pakistan,PAK,1890,99.8
Pakistan,PAK,1895,99.8
Pakistan,PAK,1900,99.7
Pakistan,PAK,1905,97.6
Pakistan,PAK,1910,95.6
Pakistan,PAK,1915,94
Pakistan,PAK,1920,90.2
Pakistan,PAK,1925,89.1
Pakistan,PAK,1930,88
Pakistan,PAK,1935,87.1
Pakistan,PAK,1940,86.2
Pakistan,PAK,1945,85.3
Pakistan,PAK,1950,85.2
Pakistan,PAK,1955,84.7
Pakistan,PAK,1960,82.6
Pakistan,PAK,1965,80.3
Pakistan,PAK,1970,79.2
Pakistan,PAK,1975,75.5
Pakistan,PAK,1980,73.4
Pakistan,PAK,1985,69.1
Pakistan,PAK,1990,64.8
Pakistan,PAK,1995,62
Pakistan,PAK,2000,58.5
Pakistan,PAK,2005,43.7
Pakistan,PAK,2010,43.9
Pakistan,PAK,2015,37.5
Pakistan,PAK,2020,31.4
Panama,PAN,1870,97.8
Panama,PAN,1875,97.3
Panama,PAN,1880,96.6
Panama,PAN,1885,95.7
Panama,PAN,1890,94.5
Panama,PAN,1895,93.2
Panama,PAN,1900,81
Panama,PAN,1905,76.7
Panama,PAN,1910,68.5
Panama,PAN,1915,63.5
Panama,PAN,1920,59.7
Panama,PAN,1925,56
Panama,PAN,1930,50
Panama,PAN,1935,42.2
Panama,PAN,1940,37.7
Panama,PAN,1945,34.2
Panama,PAN,1950,31.2
Panama,PAN,1955,26.6
Panama,PAN,1960,21.6
Panama,PAN,1965,20
Panama,PAN,1970,18.9
Panama,PAN,1975,15.2
Panama,PAN,1980,12.1
Panama,PAN,1985,9.5
Panama,PAN,1990,7.8
Panama,PAN,1995,6.8
Panama,PAN,2000,5.7
Panama,PAN,2005,5.4
Panama,PAN,2010,5.2
Panama,PAN,2015,4.5
Panama,PAN,2020,4.1
Papua New Guinea,PNG,2015,35.7
Papua New Guinea,PNG,2020,34.8
Paraguay,PRY,1870,98.2
Paraguay,PRY,1875,97.7
Paraguay,PRY,1880,97
Paraguay,PRY,1885,96.3
Paraguay,PRY,1890,95.3
Paraguay,PRY,1895,93.6
Paraguay,PRY,1900,81.6
Paraguay,PRY,1905,77.6
Paraguay,PRY,1910,68.9
Paraguay,PRY,1915,64.8
Paraguay,PRY,1920,59.6
Paraguay,PRY,1925,51.8
Paraguay,PRY,1930,48.2
Paraguay,PRY,1935,44.3
Paraguay,PRY,1940,41.1
Paraguay,PRY,1945,36.8
Paraguay,PRY,1950,33.1
Paraguay,PRY,1955,27.4
Paraguay,PRY,1960,21.1
Paraguay,PRY,1965,18
Paraguay,PRY,1970,13.3
Paraguay,PRY,1975,10.5
Paraguay,PRY,1980,9.1
Paraguay,PRY,1985,7.2
Paraguay,PRY,1990,5.5
Paraguay,PRY,1995,5.8
Paraguay,PRY,2000,5.6
Paraguay,PRY,2005,2.7
Paraguay,PRY,2010,2.4
Paraguay,PRY,2015,2.3
Paraguay,PRY,2020,3.1
Peru,PER,1870,99.4
Peru,PER,1875,99.1
Peru,PER,1880,98.7
Peru,PER,1885,98.1
Peru,PER,1890,97.2
Peru,PER,1895,96
Peru,PER,1900,94.2
Peru,PER,1905,88.3
Peru,PER,1910,82.8
Peru,PER,1915,78.6
Peru,PER,1920,71.4
Peru,PER,1925,66.8
Peru,PER,1930,62.5
Peru,PER,1935,56.8
Peru,PER,1940,50.8
Peru,PER,1945,44.5
Peru,PER,1950,40.9
Peru,PER,1955,38.1
Peru,PER,1960,35.2
Peru,PER,1965,31.6
Peru,PER,1970,26
Peru,PER,1975,20.7
Peru,PER,1980,16.4
Peru,PER,1985,13.9
Peru,PER,1990,12.6
Peru,PER,1995,10.6
Peru,PER,2000,7.7
Peru,PER,2005,5.4
Peru,PER,2010,3.2
Peru,PER,2015,2.4
Peru,PER,2020,1.6
Philippines,PHL,1870,98.7
Philippines,PHL,1875,98.3
Philippines,PHL,1880,97.7
Philippines,PHL,1885,97
Philippines,PHL,1890,96
Philippines,PHL,1895,94.8
Philippines,PHL,1900,93.3
Philippines,PHL,1905,92
Philippines,PHL,1910,91.6
Philippines,PHL,1915,85.5
Philippines,PHL,1920,77.7
Philippines,PHL,1925,71.7
Philippines,PHL,1930,65.5
Philippines,PHL,1935,58.7
Philippines,PHL,1940,56.3
Philippines,PHL,1945,52.4
Philippines,PHL,1950,43.7
Philippines,PHL,1955,23.7
Philippines,PHL,1960,25.5
Philippines,PHL,1965,19.9
Philippines,PHL,1970,13.4
Philippines,PHL,1975,9.7
Philippines,PHL,1980,8.2
Philippines,PHL,1985,6.9
Philippines,PHL,1990,5.1
Philippines,PHL,1995,5.2
Philippines,PHL,2000,5.2
Philippines,PHL,2005,3.7
Philippines,PHL,2010,2.3
Philippines,PHL,2015,2
Philippines,PHL,2020,1.8
Poland,POL,1870,71
Poland,POL,1875,68.9
Poland,POL,1880,66.7
Poland,POL,1885,64.4
Poland,POL,1890,62
Poland,POL,1895,59.6
Poland,POL,1900,57.1
Poland,POL,1905,51.6
Poland,POL,1910,47.2
Poland,POL,1915,43.6
Poland,POL,1920,39.5
Poland,POL,1925,36.4
Poland,POL,1930,31
Poland,POL,1935,23.2
Poland,POL,1940,15.1
Poland,POL,1945,10.9
Poland,POL,1950,9
Poland,POL,1955,6.5
Poland,POL,1960,4.5
Poland,POL,1965,3.1
Poland,POL,1970,1.4
Poland,POL,1975,1.4
Poland,POL,1980,0.5
Poland,POL,1985,0.8
Poland,POL,1990,0.5
Poland,POL,1995,1.1
Poland,POL,2000,0.9
Poland,POL,2005,0.4
Poland,POL,2010,0.2
Poland,POL,2015,0.2
Poland,POL,2020,0.2
Portugal,PRT,1870,90.4
Portugal,PRT,1875,87.9
Portugal,PRT,1880,84.9
Portugal,PRT,1885,81.3
Portugal,PRT,1890,77.3
Portugal,PRT,1895,72.9
Portugal,PRT,1900,69.6
Portugal,PRT,1905,67.8
Portugal,PRT,1910,66.1
Portugal,PRT,1915,64.4
Portugal,PRT,1920,60.2
Portugal,PRT,1925,58.1
Portugal,PRT,1930,56.5
Portugal,PRT,1935,54.3
Portugal,PRT,1940,51.3
Portugal,PRT,1945,47.7
Portugal,PRT,1950,44.1
Portugal,PRT,1955,39.8
Portugal,PRT,1960,34.9
Portugal,PRT,1965,36.7
Portugal,PRT,1970,33.4
Portugal,PRT,1975,25
Portugal,PRT,1980,14.7
Portugal,PRT,1985,11.3
Portugal,PRT,1990,7.1
Portugal,PRT,1995,5.4
Portugal,PRT,2000,3.2
Portugal,PRT,2005,4.5
Portugal,PRT,2010,3.5
Portugal,PRT,2015,3
Portugal,PRT,2020,2.4
Qatar,QAT,2015,2.8
Qatar,QAT,2020,2.5
Reunion,REU,1870,93.4
Reunion,REU,1875,91.7
Reunion,REU,1880,89.6
Reunion,REU,1885,87
Reunion,REU,1890,84
Reunion,REU,1895,80.4
Reunion,REU,1900,74.5
Reunion,REU,1905,69
Reunion,REU,1910,64.5
Reunion,REU,1915,68.9
Reunion,REU,1920,66.4
Reunion,REU,1925,62.8
Reunion,REU,1930,59.1
Reunion,REU,1935,58.6
Reunion,REU,1940,58.9
Reunion,REU,1945,54.8
Reunion,REU,1950,48.2
Reunion,REU,1955,56.2
Reunion,REU,1960,43.8
Reunion,REU,1965,35.9
Reunion,REU,1970,29.7
Reunion,REU,1975,23.5
Reunion,REU,1980,18.8
Reunion,REU,1985,15.1
Reunion,REU,1990,11.9
Reunion,REU,1995,9.2
Reunion,REU,2000,7.2
Reunion,REU,2005,5.6
Reunion,REU,2010,6
Reunion,REU,2015,6.8
Reunion,REU,2020,7.3
Romania,ROU,1870,95.8
Romania,ROU,1875,95.1
Romania,ROU,1880,94.4
Romania,ROU,1885,93.6
Romania,ROU,1890,92.6
Romania,ROU,1895,91.3
Romania,ROU,1900,89.3
Romania,ROU,1905,85
Romania,ROU,1910,74.8
Romania,ROU,1915,69.7
Romania,ROU,1920,56
Romania,ROU,1925,50.8
Romania,ROU,1930,43.3
Romania,ROU,1935,35.3
Romania,ROU,1940,26.7
Romania,ROU,1945,18.7
Romania,ROU,1950,14.3
Romania,ROU,1955,12
Romania,ROU,1960,10.5
Romania,ROU,1965,8.4
Romania,ROU,1970,5.9
Romania,ROU,1975,4.1
Romania,ROU,1980,2.9
Romania,ROU,1985,2.2
Romania,ROU,1990,2.5
Romania,ROU,1995,2.4
Romania,ROU,2000,1.6
Romania,ROU,2005,1.1
Romania,ROU,2010,0.9
Romania,ROU,2015,0.8
Romania,ROU,2020,1
Russia,RUS,1870,95
Russia,RUS,1875,94
Russia,RUS,1880,93.1
Russia,RUS,1885,92.2
Russia,RUS,1890,91.2
Russia,RUS,1895,89.5
Russia,RUS,1900,86.6
Russia,RUS,1905,80.9
Russia,RUS,1910,77.1
Russia,RUS,1915,71.1
Russia,RUS,1920,67.1
Russia,RUS,1925,61.5
Russia,RUS,1930,54.5
Russia,RUS,1935,42.2
Russia,RUS,1940,28.8
Russia,RUS,1945,20.4
Russia,RUS,1950,14.8
Russia,RUS,1955,10.6
Russia,RUS,1960,8.4
Russia,RUS,1965,6.4
Russia,RUS,1970,4.3
Russia,RUS,1975,4.2
Russia,RUS,1980,3.3
Russia,RUS,1985,2.5
Russia,RUS,1990,2.1
Russia,RUS,1995,1.1
Russia,RUS,2000,0.4
Russia,RUS,2005,0.3
Russia,RUS,2010,0.5
Russia,RUS,2015,0.9
Russia,RUS,2020,1
Rwanda,RWA,2015,36.9
Rwanda,RWA,2020,31.9
Saudi Arabia,SAU,2015,8.6
Saudi Arabia,SAU,2020,6.6
Senegal,SEN,1870,99.9
Senegal,SEN,1875,99.9
Senegal,SEN,1880,99.9
Senegal,SEN,1885,99.9
Senegal,SEN,1890,99.8
Senegal,SEN,1895,99.8
Senegal,SEN,1900,99.7
Senegal,SEN,1905,99.7
Senegal,SEN,1910,99.5
Senegal,SEN,1915,99.4
Senegal,SEN,1920,92.7
Senegal,SEN,1925,86.8
Senegal,SEN,1930,82.3
Senegal,SEN,1935,73.1
Senegal,SEN,1940,69.5
Senegal,SEN,1945,66.2
Senegal,SEN,1950,63.4
Senegal,SEN,1955,61
Senegal,SEN,1960,58.7
Senegal,SEN,1965,57.3
Senegal,SEN,1970,54.4
Senegal,SEN,1975,51.2
Senegal,SEN,1980,52.3
Senegal,SEN,1985,54.1
Senegal,SEN,1990,56.6
Senegal,SEN,1995,59.4
Senegal,SEN,2000,64.5
Senegal,SEN,2005,70
Senegal,SEN,2010,53.7
Senegal,SEN,2015,47.7
Senegal,SEN,2020,42
Serbia,SRB,1870,98.3
Serbia,SRB,1875,97.9
Serbia,SRB,1880,97.2
Serbia,SRB,1885,96.1
Serbia,SRB,1890,94.7
Serbia,SRB,1895,93
Serbia,SRB,1900,87.2
Serbia,SRB,1905,81.6
Serbia,SRB,1910,76.4
Serbia,SRB,1915,66.3
Serbia,SRB,1920,61.4
Serbia,SRB,1925,55.4
Serbia,SRB,1930,49.9
Serbia,SRB,1935,44.4
Serbia,SRB,1940,40.3
Serbia,SRB,1945,37.3
Serbia,SRB,1950,34.1
Serbia,SRB,1955,30
Serbia,SRB,1960,25.6
Serbia,SRB,1965,20.3
Serbia,SRB,1970,15.9
Serbia,SRB,1975,13.3
Serbia,SRB,1980,10.6
Serbia,SRB,1985,9.1
Serbia,SRB,1990,7.3
Serbia,SRB,1995,3.9
Serbia,SRB,2000,2.1
Serbia,SRB,2005,1.5
Serbia,SRB,2010,0.9
Serbia,SRB,2015,0.9
Serbia,SRB,2020,1.2
Sierra Leone,SLE,1870,99.7
Sierra Leone,SLE,1875,99.6
Sierra Leone,SLE,1880,99.5
Sierra Leone,SLE,1885,99.4
Sierra Leone,SLE,1890,99.2
Sierra Leone,SLE,1895,99
Sierra Leone,SLE,1900,98.7
Sierra Leone,SLE,1905,98.3
Sierra Leone,SLE,1910,97.7
Sierra Leone,SLE,1915,97.3
Sierra Leone,SLE,1920,97
Sierra Leone,SLE,1925,97.2
Sierra Leone,SLE,1930,96.9
Sierra Leone,SLE,1935,96.6
Sierra Leone,SLE,1940,96.1
Sierra Leone,SLE,1945,95.6
Sierra Leone,SLE,1950,95.1
Sierra Leone,SLE,1955,94.6
Sierra Leone,SLE,1960,94.1
Sierra Leone,SLE,1965,92.4
Sierra Leone,SLE,1970,89.9
Sierra Leone,SLE,1975,86.7
Sierra Leone,SLE,1980,83.2
Sierra Leone,SLE,1985,79.3
Sierra Leone,SLE,1990,74.8
Sierra Leone,SLE,1995,69.3
Sierra Leone,SLE,2000,66.2
Sierra Leone,SLE,2005,63.5
Sierra Leone,SLE,2010,54.9
Sierra Leone,SLE,2015,45.1
Sierra Leone,SLE,2020,35.1
Singapore,SGP,2015,5.4
Singapore,SGP,2020,3.6
Slovakia,SVK,2015,0.5
Slovakia,SVK,2020,0.3
Slovenia,SVN,2015,0.5
Slovenia,SVN,2020,0.5
South Africa,ZAF,1870,87.6
South Africa,ZAF,1875,85.3
South Africa,ZAF,1880,82.7
South Africa,ZAF,1885,79.3
South Africa,ZAF,1890,76.7
South Africa,ZAF,1895,76.8
South Africa,ZAF,1900,78.5
South Africa,ZAF,1905,78.4
South Africa,ZAF,1910,78
South Africa,ZAF,1915,74.9
South Africa,ZAF,1920,67.1
South Africa,ZAF,1925,63.2
South Africa,ZAF,1930,59.8
South Africa,ZAF,1935,56.7
South Africa,ZAF,1940,54.4
South Africa,ZAF,1945,51.4
South Africa,ZAF,1950,48.9
South Africa,ZAF,1955,46.5
South Africa,ZAF,1960,45
South Africa,ZAF,1965,40.9
South Africa,ZAF,1970,36.5
South Africa,ZAF,1975,31
South Africa,ZAF,1980,25
South Africa,ZAF,1985,17.6
South Africa,ZAF,1990,10.4
South Africa,ZAF,1995,4.4
South Africa,ZAF,2000,13.3
South Africa,ZAF,2005,8.9
South Africa,ZAF,2010,4
South Africa,ZAF,2015,2.9
South Africa,ZAF,2020,1.9
South America,,1870,95.43762
South America,,1875,94.324265
South America,,1880,93.05231
South America,,1885,91.92274
South America,,1890,90.899925
South America,,1895,89.79146
South America,,1900,84.00055
South America,,1905,79.89238
South America,,1910,76.37134
South America,,1915,71.82985
South America,,1920,67.25748
South America,,1925,63.239758
South America,,1930,59.15466
South America,,1935,55.143616
South America,,1940,52.100708
South America,,1945,49.0726
South America,,1950,45.92938
South America,,1955,42.231346
South America,,1960,38.075665
South America,,1965,33.36505
South America,,1970,27.683886
South America,,1975,21.20673
South America,,1980,18.838423
South America,,1985,17.17507
South America,,1990,15.116572
South America,,1995,12.9914255
South America,,2000,10.395506
South America,,2005,7.178994
South America,,2010,5.0477815
South America,,2015,3.9249976
South America,,2020,3.0570972
South Korea,KOR,1870,100
South Korea,KOR,1875,100
South Korea,KOR,1880,100
South Korea,KOR,1885,100
South Korea,KOR,1890,100
South Korea,KOR,1895,100
South Korea,KOR,1900,94.4
South Korea,KOR,1905,88.9
South Korea,KOR,1910,84.7
South Korea,KOR,1915,74.9
South Korea,KOR,1920,67.3
South Korea,KOR,1925,60.3
South Korea,KOR,1930,53.4
South Korea,KOR,1935,46.2
South Korea,KOR,1940,40.1
South Korea,KOR,1945,34.8
South Korea,KOR,1950,25.9
South Korea,KOR,1955,20.2
South Korea,KOR,1960,39.4
South Korea,KOR,1965,27.9
South Korea,KOR,1970,20.7
South Korea,KOR,1975,14
South Korea,KOR,1980,10
South Korea,KOR,1985,8
South Korea,KOR,1990,4.8
South Korea,KOR,1995,2.7
South Korea,KOR,2000,2.1
South Korea,KOR,2005,1.4
South Korea,KOR,2010,0.7
South Korea,KOR,2015,0.4
South Korea,KOR,2020,0.3
Spain,ESP,1870,74.2
Spain,ESP,1875,69.9
Spain,ESP,1880,64.9
Spain,ESP,1885,59.8
Spain,ESP,1890,55.6
Spain,ESP,1895,52.3
Spain,ESP,1900,50
Spain,ESP,1905,48.6
Spain,ESP,1910,47.9
Spain,ESP,1915,50.3
Spain,ESP,1920,52.6
Spain,ESP,1925,54.8
Spain,ESP,1930,54.6
Spain,ESP,1935,55.5
Spain,ESP,1940,56.7
Spain,ESP,1945,54.8
Spain,ESP,1950,53.8
Spain,ESP,1955,51.7
Spain,ESP,1960,47.8
Spain,ESP,1965,42.6
Spain,ESP,1970,36.2
Spain,ESP,1975,30.4
Spain,ESP,1980,24.1
Spain,ESP,1985,22.1
Spain,ESP,1990,18.9
Spain,ESP,1995,13
Spain,ESP,2000,8.1
Spain,ESP,2005,0.9
Spain,ESP,2010,1
Spain,ESP,2015,0.8
Spain,ESP,2020,0.7
Sri Lanka,LKA,1870,95.3
Sri Lanka,LKA,1875,94.8
Sri Lanka,LKA,1880,94.2
Sri Lanka,LKA,1885,92.8
Sri Lanka,LKA,1890,90.7
Sri Lanka,LKA,1895,88
Sri Lanka,LKA,1900,85
Sri Lanka,LKA,1905,81.9
Sri Lanka,LKA,1910,75.9
Sri Lanka,LKA,1915,69.9
Sri Lanka,LKA,1920,65.2
Sri Lanka,LKA,1925,56.4
Sri Lanka,LKA,1930,51.1
Sri Lanka,LKA,1935,45.4
Sri Lanka,LKA,1940,41.1
Sri Lanka,LKA,1945,36.6
Sri Lanka,LKA,1950,34
Sri Lanka,LKA,1955,30.9
Sri Lanka,LKA,1960,28
Sri Lanka,LKA,1965,25.1
Sri Lanka,LKA,1970,16.4
Sri Lanka,LKA,1975,14.4
Sri Lanka,LKA,1980,12.1
Sri Lanka,LKA,1985,12.1
Sri Lanka,LKA,1990,8.7
Sri Lanka,LKA,1995,7.8
Sri Lanka,LKA,2000,7.2
Sri Lanka,LKA,2005,5.1
Sri Lanka,LKA,2010,3
Sri Lanka,LKA,2015,3
Sri Lanka,LKA,2020,2.7
Sudan,SDN,1870,99.9
Sudan,SDN,1875,99.9
Sudan,SDN,1880,99.9
Sudan,SDN,1885,99.8
Sudan,SDN,1890,99.8
Sudan,SDN,1895,99.7
Sudan,SDN,1900,99.5
Sudan,SDN,1905,99.2
Sudan,SDN,1910,99
Sudan,SDN,1915,95.1
Sudan,SDN,1920,94.6
Sudan,SDN,1925,94.1
Sudan,SDN,1930,93.3
Sudan,SDN,1935,92.7
Sudan,SDN,1940,91.7
Sudan,SDN,1945,91.1
Sudan,SDN,1950,89.8
Sudan,SDN,1955,87.9
Sudan,SDN,1960,86.2
Sudan,SDN,1965,83.9
Sudan,SDN,1970,80.8
Sudan,SDN,1975,77.3
Sudan,SDN,1980,73.2
Sudan,SDN,1985,67.4
Sudan,SDN,1990,62.8
Sudan,SDN,1995,59
Sudan,SDN,2000,55.7
Sudan,SDN,2005,53.7
Sudan,SDN,2010,51.9
Sudan,SDN,2015,48.7
Sudan,SDN,2020,45.6
Sweden,SWE,1870,21.7
Sweden,SWE,1875,20.1
Sweden,SWE,1880,18.2
Sweden,SWE,1885,16.6
Sweden,SWE,1890,15.1
Sweden,SWE,1895,13.7
Sweden,SWE,1900,12.4
Sweden,SWE,1905,11.2
Sweden,SWE,1910,9.9
Sweden,SWE,1915,8.1
Sweden,SWE,1920,6.5
Sweden,SWE,1925,5.2
Sweden,SWE,1930,4.9
Sweden,SWE,1935,3.8
Sweden,SWE,1940,2.9
Sweden,SWE,1945,2
Sweden,SWE,1950,1.4
Sweden,SWE,1955,0.9
Sweden,SWE,1960,0.9
Sweden,SWE,1965,1
Sweden,SWE,1970,1.1
Sweden,SWE,1975,1.7
Sweden,SWE,1980,1.5
Sweden,SWE,1985,1.6
Sweden,SWE,1990,2.1
Sweden,SWE,1995,2.2
Sweden,SWE,2000,2
Sweden,SWE,2005,2
Sweden,SWE,2010,2.3
Sweden,SWE,2015,2.8
Sweden,SWE,2020,3.1
Switzerland,CHE,1870,25.7
Switzerland,CHE,1875,23.3
Switzerland,CHE,1880,20.7
Switzerland,CHE,1885,18.1
Switzerland,CHE,1890,15.4
Switzerland,CHE,1895,12.9
Switzerland,CHE,1900,11.3
Switzerland,CHE,1905,9.3
Switzerland,CHE,1910,7.3
Switzerland,CHE,1915,6
Switzerland,CHE,1920,3.3
Switzerland,CHE,1925,2.3
Switzerland,CHE,1930,1.7
Switzerland,CHE,1935,1.4
Switzerland,CHE,1940,0.8
Switzerland,CHE,1945,0.2
Switzerland,CHE,1950,0.2
Switzerland,CHE,1955,0.2
Switzerland,CHE,1960,0.2
Switzerland,CHE,1965,2.4
Switzerland,CHE,1970,4.4
Switzerland,CHE,1975,4
Switzerland,CHE,1980,2.7
Switzerland,CHE,1985,6.8
Switzerland,CHE,1990,8.4
Switzerland,CHE,1995,10.2
Switzerland,CHE,2000,11.5
Switzerland,CHE,2005,9
Switzerland,CHE,2010,1.4
Switzerland,CHE,2015,1.2
Switzerland,CHE,2020,1.1
Syria,SYR,1870,99.8
Syria,SYR,1875,99.8
Syria,SYR,1880,99.7
Syria,SYR,1885,99.5
Syria,SYR,1890,99.4
Syria,SYR,1895,99.1
Syria,SYR,1900,98.8
Syria,SYR,1905,96.6
Syria,SYR,1910,94.6
Syria,SYR,1915,93.1
Syria,SYR,1920,88.1
Syria,SYR,1925,86.1
Syria,SYR,1930,83.9
Syria,SYR,1935,81.2
Syria,SYR,1940,78.4
Syria,SYR,1945,75.4
Syria,SYR,1950,73.3
Syria,SYR,1955,71.2
Syria,SYR,1960,68.1
Syria,SYR,1965,64
Syria,SYR,1970,56.7
Syria,SYR,1975,47.9
Syria,SYR,1980,39.1
Syria,SYR,1985,29.5
Syria,SYR,1990,22.2
Syria,SYR,1995,16.1
Syria,SYR,2000,12.3
Syria,SYR,2005,13.3
Syria,SYR,2010,12.7
Syria,SYR,2015,10.7
Syria,SYR,2020,8.4
Taiwan,TWN,1870,100
Taiwan,TWN,1875,100
Taiwan,TWN,1880,100
Taiwan,TWN,1885,100
Taiwan,TWN,1890,100
Taiwan,TWN,1895,99.8
Taiwan,TWN,1900,99.6
Taiwan,TWN,1905,99.2
Taiwan,TWN,1910,98.3
Taiwan,TWN,1915,97.4
Taiwan,TWN,1920,89.3
Taiwan,TWN,1925,86.8
Taiwan,TWN,1930,79.3
Taiwan,TWN,1935,71.3
Taiwan,TWN,1940,64.6
Taiwan,TWN,1945,57.1
Taiwan,TWN,1950,44.3
Taiwan,TWN,1955,38
Taiwan,TWN,1960,32.8
Taiwan,TWN,1965,27.2
Taiwan,TWN,1970,22.3
Taiwan,TWN,1975,18.4
Taiwan,TWN,1980,14.2
Taiwan,TWN,1985,10.3
Taiwan,TWN,1990,7
Taiwan,TWN,1995,4
Taiwan,TWN,2000,1.9
Taiwan,TWN,2005,0.8
Taiwan,TWN,2010,0.4
Taiwan,TWN,2015,0.3
Taiwan,TWN,2020,0.2
Tajikistan,TJK,2015,0.1
Tajikistan,TJK,2020,0.1
Tanzania,TZA,2015,11.2
Tanzania,TZA,2020,8
Thailand,THA,1870,100
Thailand,THA,1875,99.9
Thailand,THA,1880,99.9
Thailand,THA,1885,99.7
Thailand,THA,1890,99.6
Thailand,THA,1895,99.3
Thailand,THA,1900,98.8
Thailand,THA,1905,94.9
Thailand,THA,1910,90.9
Thailand,THA,1915,88
Thailand,THA,1920,88.7
Thailand,THA,1925,85.9
Thailand,THA,1930,82.7
Thailand,THA,1935,76.2
Thailand,THA,1940,70.1
Thailand,THA,1945,60.2
Thailand,THA,1950,48.1
Thailand,THA,1955,41.2
Thailand,THA,1960,35
Thailand,THA,1965,28.4
Thailand,THA,1970,21.4
Thailand,THA,1975,17.7
Thailand,THA,1980,12.8
Thailand,THA,1985,10.9
Thailand,THA,1990,10
Thailand,THA,1995,9.9
Thailand,THA,2000,11.5
Thailand,THA,2005,5
Thailand,THA,2010,2.7
Thailand,THA,2015,2.9
Thailand,THA,2020,2.9
Togo,TGO,1870,99.8
Togo,TGO,1875,99.8
Togo,TGO,1880,99.7
Togo,TGO,1885,99.6
Togo,TGO,1890,99.5
Togo,TGO,1895,99.3
Togo,TGO,1900,99.1
Togo,TGO,1905,98.8
Togo,TGO,1910,98.1
Togo,TGO,1915,97.5
Togo,TGO,1920,97.1
Togo,TGO,1925,96.9
Togo,TGO,1930,94.1
Togo,TGO,1935,93.7
Togo,TGO,1940,93.3
Togo,TGO,1945,92.6
Togo,TGO,1950,91.7
Togo,TGO,1955,90.4
Togo,TGO,1960,88.5
Togo,TGO,1965,86.4
Togo,TGO,1970,81.8
Togo,TGO,1975,72.2
Togo,TGO,1980,63
Togo,TGO,1985,54.4
Togo,TGO,1990,47.1
Togo,TGO,1995,44.7
Togo,TGO,2000,41.3
Togo,TGO,2005,39.4
Togo,TGO,2010,34.3
Togo,TGO,2015,28.3
Togo,TGO,2020,22
Tonga,TON,2015,0.5
Tonga,TON,2020,0.4
Trinidad and Tobago,TTO,1870,89.9
Trinidad and Tobago,TTO,1875,88
Trinidad and Tobago,TTO,1880,86.2
Trinidad and Tobago,TTO,1885,82.8
Trinidad and Tobago,TTO,1890,79.2
Trinidad and Tobago,TTO,1895,74.7
Trinidad and Tobago,TTO,1900,67.6
Trinidad and Tobago,TTO,1905,61.2
Trinidad and Tobago,TTO,1910,53.7
Trinidad and Tobago,TTO,1915,44.8
Trinidad and Tobago,TTO,1920,38.9
Trinidad and Tobago,TTO,1925,35
Trinidad and Tobago,TTO,1930,32
Trinidad and Tobago,TTO,1935,26.5
Trinidad and Tobago,TTO,1940,22
Trinidad and Tobago,TTO,1945,18.2
Trinidad and Tobago,TTO,1950,15.7
Trinidad and Tobago,TTO,1955,13.6
Trinidad and Tobago,TTO,1960,11
Trinidad and Tobago,TTO,1965,8.9
Trinidad and Tobago,TTO,1970,6.8
Trinidad and Tobago,TTO,1975,3.1
Trinidad and Tobago,TTO,1980,0.9
Trinidad and Tobago,TTO,1985,1.9
Trinidad and Tobago,TTO,1990,2.2
Trinidad and Tobago,TTO,1995,1.6
Trinidad and Tobago,TTO,2000,1.3
Trinidad and Tobago,TTO,2005,1
Trinidad and Tobago,TTO,2010,0.6
Trinidad and Tobago,TTO,2015,0.7
Trinidad and Tobago,TTO,2020,0.6
Tunisia,TUN,1870,99.9
Tunisia,TUN,1875,99.9
Tunisia,TUN,1880,99.9
Tunisia,TUN,1885,99.9
Tunisia,TUN,1890,99.8
Tunisia,TUN,1895,99.8
Tunisia,TUN,1900,99.7
Tunisia,TUN,1905,99.5
Tunisia,TUN,1910,98.6
Tunisia,TUN,1915,97.7
Tunisia,TUN,1920,97
Tunisia,TUN,1925,96.8
Tunisia,TUN,1930,96
Tunisia,TUN,1935,94.2
Tunisia,TUN,1940,92.9
Tunisia,TUN,1945,91.4
Tunisia,TUN,1950,90
Tunisia,TUN,1955,88
Tunisia,TUN,1960,85.8
Tunisia,TUN,1965,80.4
Tunisia,TUN,1970,73.3
Tunisia,TUN,1975,62.8
Tunisia,TUN,1980,51.2
Tunisia,TUN,1985,48.8
Tunisia,TUN,1990,41.1
Tunisia,TUN,1995,32.8
Tunisia,TUN,2000,25.7
Tunisia,TUN,2005,20
Tunisia,TUN,2010,15
Tunisia,TUN,2015,12.4
Tunisia,TUN,2020,9.4
Turkey,TUR,1870,99.8
Turkey,TUR,1875,99.8
Turkey,TUR,1880,99.7
Turkey,TUR,1885,99.6
Turkey,TUR,1890,99.4
Turkey,TUR,1895,99.2
Turkey,TUR,1900,97.3
Turkey,TUR,1905,96.3
Turkey,TUR,1910,96.7
Turkey,TUR,1915,94.9
Turkey,TUR,1920,93.2
Turkey,TUR,1925,91.6
Turkey,TUR,1930,89.7
Turkey,TUR,1935,87.5
Turkey,TUR,1940,85.7
Turkey,TUR,1945,82.5
Turkey,TUR,1950,78
Turkey,TUR,1955,72.3
Turkey,TUR,1960,64.8
Turkey,TUR,1965,57.9
Turkey,TUR,1970,52.4
Turkey,TUR,1975,44.5
Turkey,TUR,1980,37
Turkey,TUR,1985,27.4
Turkey,TUR,1990,24.7
Turkey,TUR,1995,18.5
Turkey,TUR,2000,12.4
Turkey,TUR,2005,8.7
Turkey,TUR,2010,6.1
Turkey,TUR,2015,4.9
Turkey,TUR,2020,3.7
Uganda,UGA,1870,100
Uganda,UGA,1875,100
Uganda,UGA,1880,100
Uganda,UGA,1885,100
Uganda,UGA,1890,100
Uganda,UGA,1895,100
Uganda,UGA,1900,100
Uganda,UGA,1905,98.1
Uganda,UGA,1910,96.3
Uganda,UGA,1915,95.1
Uganda,UGA,1920,90
Uganda,UGA,1925,89.3
Uganda,UGA,1930,88.4
Uganda,UGA,1935,87.3
Uganda,UGA,1940,86.6
Uganda,UGA,1945,83.2
Uganda,UGA,1950,79.8
Uganda,UGA,1955,77.1
Uganda,UGA,1960,74.5
Uganda,UGA,1965,68.6
Uganda,UGA,1970,60.4
Uganda,UGA,1975,53.6
Uganda,UGA,1980,50.1
Uganda,UGA,1985,43.5
Uganda,UGA,1990,35.1
Uganda,UGA,1995,28
Uganda,UGA,2000,23.1
Uganda,UGA,2005,16.6
Uganda,UGA,2010,10.7
Uganda,UGA,2015,8.1
Uganda,UGA,2020,5.7
Ukraine,UKR,2015,0.2
Ukraine,UKR,2020,0.2
United Arab Emirates,ARE,2015,9.1
United Arab Emirates,ARE,2020,8.8
United Kingdom,GBR,1870,78
United Kingdom,GBR,1875,77
United Kingdom,GBR,1880,73.3
United Kingdom,GBR,1885,68
United Kingdom,GBR,1890,58.8
United Kingdom,GBR,1895,51.4
United Kingdom,GBR,1900,43.2
United Kingdom,GBR,1905,34.2
United Kingdom,GBR,1910,26.8
United Kingdom,GBR,1915,20.9
United Kingdom,GBR,1920,15.6
United Kingdom,GBR,1925,10.9
United Kingdom,GBR,1930,7.1
United Kingdom,GBR,1935,4.5
United Kingdom,GBR,1940,3.2
United Kingdom,GBR,1945,2.2
United Kingdom,GBR,1950,2.6
United Kingdom,GBR,1955,2.3
United Kingdom,GBR,1960,2.1
United Kingdom,GBR,1965,2.1
United Kingdom,GBR,1970,2.2
United Kingdom,GBR,1975,2.3
United Kingdom,GBR,1980,3.5
United Kingdom,GBR,1985,3.4
United Kingdom,GBR,1990,3.4
United Kingdom,GBR,1995,3.5
United Kingdom,GBR,2000,3.6
United Kingdom,GBR,2005,1.3
United Kingdom,GBR,2010,0.1
United Kingdom,GBR,2015,0.1
United Kingdom,GBR,2020,0.1
United States,USA,1870,25.2
United States,USA,1875,19.7
United States,USA,1880,14.6
United States,USA,1885,10.4
United States,USA,1890,8.4
United States,USA,1895,6.8
United States,USA,1900,5.7
United States,USA,1905,4.9
United States,USA,1910,4.7
United States,USA,1915,4.6
United States,USA,1920,4.6
United States,USA,1925,4.3
United States,USA,1930,3.7
United States,USA,1935,3.1
United States,USA,1940,2.6
United States,USA,1945,2.1
United States,USA,1950,1.7
United States,USA,1955,1.5
United States,USA,1960,1.2
United States,USA,1965,1.1
United States,USA,1970,1
United States,USA,1975,1
United States,USA,1980,0.6
United States,USA,1985,0.9
United States,USA,1990,1
United States,USA,1995,0.4
United States,USA,2000,0.3
United States,USA,2005,0.3
United States,USA,2010,0.3
United States,USA,2015,0.3
United States,USA,2020,0.4
Uruguay,URY,1870,91.7
Uruguay,URY,1875,89.8
Uruguay,URY,1880,87.7
Uruguay,URY,1885,85
Uruguay,URY,1890,82
Uruguay,URY,1895,79.8
Uruguay,URY,1900,77.5
Uruguay,URY,1905,75.5
Uruguay,URY,1910,67.2
Uruguay,URY,1915,59
Uruguay,URY,1920,52.8
Uruguay,URY,1925,41.7
Uruguay,URY,1930,36.5
Uruguay,URY,1935,31.6
Uruguay,URY,1940,26.2
Uruguay,URY,1945,21.2
Uruguay,URY,1950,15.7
Uruguay,URY,1955,12.8
Uruguay,URY,1960,10.4
Uruguay,URY,1965,8
Uruguay,URY,1970,6.8
Uruguay,URY,1975,5.3
Uruguay,URY,1980,4.1
Uruguay,URY,1985,3.6
Uruguay,URY,1990,3.3
Uruguay,URY,1995,2.6
Uruguay,URY,2000,1.7
Uruguay,URY,2005,0.7
Uruguay,URY,2010,0.5
Uruguay,URY,2015,0.4
Uruguay,URY,2020,0.3
Venezuela,VEN,1870,99.5
Venezuela,VEN,1875,99.4
Venezuela,VEN,1880,99.2
Venezuela,VEN,1885,99
Venezuela,VEN,1890,98.8
Venezuela,VEN,1895,98.4
Venezuela,VEN,1900,85.3
Venezuela,VEN,1905,81
Venezuela,VEN,1910,81.7
Venezuela,VEN,1915,77.9
Venezuela,VEN,1920,74.8
Venezuela,VEN,1925,72.4
Venezuela,VEN,1930,71.4
Venezuela,VEN,1935,66.2
Venezuela,VEN,1940,61.4
Venezuela,VEN,1945,53.6
Venezuela,VEN,1950,49
Venezuela,VEN,1955,44.9
Venezuela,VEN,1960,39.7
Venezuela,VEN,1965,37.8
Venezuela,VEN,1970,33.3
Venezuela,VEN,1975,24.2
Venezuela,VEN,1980,15.7
Venezuela,VEN,1985,16.3
Venezuela,VEN,1990,17.2
Venezuela,VEN,1995,13.2
Venezuela,VEN,2000,10.4
Venezuela,VEN,2005,7.8
Venezuela,VEN,2010,3.6
Venezuela,VEN,2015,2.7
Venezuela,VEN,2020,2
Vietnam,VNM,2015,14
Vietnam,VNM,2020,13.6
World,OWID_WRL,1870,90.43203
World,OWID_WRL,1875,89.26685
World,OWID_WRL,1880,87.51527
World,OWID_WRL,1885,85.802315
World,OWID_WRL,1890,83.78118
World,OWID_WRL,1895,82.042694
World,OWID_WRL,1900,79.81678
World,OWID_WRL,1905,77.132355
World,OWID_WRL,1910,74.68728
World,OWID_WRL,1915,72.21524
World,OWID_WRL,1920,69.35882
World,OWID_WRL,1925,66.79669
World,OWID_WRL,1930,64.040825
World,OWID_WRL,1935,61.40407
World,OWID_WRL,1940,55.215054
World,OWID_WRL,1945,52.622547
World,OWID_WRL,1950,49.903214
World,OWID_WRL,1955,47.127064
World,OWID_WRL,1960,44.470955
World,OWID_WRL,1965,41.349667
World,OWID_WRL,1970,37.17113
World,OWID_WRL,1975,34.31839
World,OWID_WRL,1980,30.941936
World,OWID_WRL,1985,28.538013
World,OWID_WRL,1990,26.503305
World,OWID_WRL,1995,23.123692
World,OWID_WRL,2000,20.219532
World,OWID_WRL,2005,17.12509
World,OWID_WRL,2010,14.8613825
World,OWID_WRL,2015,12.648355
World,OWID_WRL,2020,10.805461
Yemen,YEM,1870,100
Yemen,YEM,1875,100
Yemen,YEM,1880,100
Yemen,YEM,1885,100
Yemen,YEM,1890,99.9
Yemen,YEM,1895,99.9
Yemen,YEM,1900,99.9
Yemen,YEM,1905,99.9
Yemen,YEM,1910,99.9
Yemen,YEM,1915,99.8
Yemen,YEM,1920,99.8
Yemen,YEM,1925,99.8
Yemen,YEM,1930,99.7
Yemen,YEM,1935,99.8
Yemen,YEM,1940,99.7
Yemen,YEM,1945,99.7
Yemen,YEM,1950,99.6
Yemen,YEM,1955,99.4
Yemen,YEM,1960,99.2
Yemen,YEM,1965,98.9
Yemen,YEM,1970,98.7
Yemen,YEM,1975,98.2
Yemen,YEM,1980,95.6
Yemen,YEM,1985,90.7
Yemen,YEM,1990,83.4
Yemen,YEM,1995,77
Yemen,YEM,2000,69.4
Yemen,YEM,2005,63.4
Yemen,YEM,2010,55.6
Yemen,YEM,2015,46.2
Yemen,YEM,2020,38
Zambia,ZMB,1870,100
Zambia,ZMB,1875,100
Zambia,ZMB,1880,100
Zambia,ZMB,1885,100
Zambia,ZMB,1890,100
Zambia,ZMB,1895,100
Zambia,ZMB,1900,100
Zambia,ZMB,1905,100
Zambia,ZMB,1910,96.4
Zambia,ZMB,1915,93.2
Zambia,ZMB,1920,90.8
Zambia,ZMB,1925,88.6
Zambia,ZMB,1930,77.5
Zambia,ZMB,1935,73.6
Zambia,ZMB,1940,69.7
Zambia,ZMB,1945,64.3
Zambia,ZMB,1950,58.5
Zambia,ZMB,1955,54.8
Zambia,ZMB,1960,49.9
Zambia,ZMB,1965,44.5
Zambia,ZMB,1970,39
Zambia,ZMB,1975,37.6
Zambia,ZMB,1980,35.3
Zambia,ZMB,1985,33.7
Zambia,ZMB,1990,32.6
Zambia,ZMB,1995,19.5
Zambia,ZMB,2000,16.6
Zambia,ZMB,2005,15.2
Zambia,ZMB,2010,12
Zambia,ZMB,2015,8.9
Zambia,ZMB,2020,6.8
Zimbabwe,ZWE,1870,100
Zimbabwe,ZWE,1875,100
Zimbabwe,ZWE,1880,100
Zimbabwe,ZWE,1885,100
Zimbabwe,ZWE,1890,100
Zimbabwe,ZWE,1895,100
Zimbabwe,ZWE,1900,99.9
Zimbabwe,ZWE,1905,99.7
Zimbabwe,ZWE,1910,98.3
Zimbabwe,ZWE,1915,96.5
Zimbabwe,ZWE,1920,94.1
Zimbabwe,ZWE,1925,90
Zimbabwe,ZWE,1930,84
Zimbabwe,ZWE,1935,74.6
Zimbabwe,ZWE,1940,68.1
Zimbabwe,ZWE,1945,65.1
Zimbabwe,ZWE,1950,58.2
Zimbabwe,ZWE,1955,50.9
Zimbabwe,ZWE,1960,43.4
Zimbabwe,ZWE,1965,37.1
Zimbabwe,ZWE,1970,28.8
Zimbabwe,ZWE,1975,25.3
Zimbabwe,ZWE,1980,24.9
Zimbabwe,ZWE,1985,20.5
Zimbabwe,ZWE,1990,12.2
Zimbabwe,ZWE,1995,8.8
Zimbabwe,ZWE,2000,6.6
Zimbabwe,ZWE,2005,5.4
Zimbabwe,ZWE,2010,3.6
Zimbabwe,ZWE,2015,2.8
Zimbabwe,ZWE,2020,1.9